	chr	start	end	sym	Protein	GO_C	GO_F	GO_P
0	20	36236459.0	36270918.0	AAR2	Protein AAR2 homolog (AAR2 splicing factor homolog)	GO:0032991		GO:0022618
1	20	25294743.0	25390983.0	ABHD12	Monoacylglycerol lipase ABHD12 (EC 3.1.1.23) (2-arachidonoylglycerol hydrolase) (Abhydrolase domain-containing protein 12)	GO:0005737	GO:0003674	GO:0006629
2	20	63861498.0	63862988.0	ABHD16B	Protein ABHD16B (EC 3.-.-.-) (Alpha/beta hydrolase domain-containing protein 16B) (Abhydrolase domain-containing protein 16B)		GO:0003674	
3	20	45841721.0	45857406.0	ACOT8	Acyl-coenzyme A thioesterase 8 (Acyl-CoA thioesterase 8) (EC 3.1.2.27) (Choloyl-coenzyme A thioesterase) (HIV-Nef-associated acyl-CoA thioesterase) (PTE-2) (Peroxisomal acyl-coenzyme A thioester hydrolase 1) (PTE-1) (Peroxisomal long-chain acyl-CoA thioesterase 1) (Thioesterase II) (hACTE-III) (hACTEIII) (hTE)	GO:0005739	GO:0003674	GO:0006790
4	20	25006230.0	25058980.0	ACSS1	Acetyl-coenzyme A synthetase 2-like, mitochondrial (EC 6.2.1.1) (Acetate--CoA ligase 2) (Acetyl-CoA synthetase 2) (AceCS2) (Acyl-CoA synthetase short-chain family member 1)	GO:0005575	GO:0016874	GO:0006790
5	20	34872146.0	34927962.0	ACSS2	Acetyl-coenzyme A synthetase, cytoplasmic (EC 6.2.1.1) (Acetate--CoA ligase) (Acetyl-CoA synthetase) (ACS) (AceCS) (Acyl-CoA synthetase short-chain family member 2) (Acyl-activating enzyme)	GO:0005654	GO:0016874	GO:0007005
6	20	33666498.0	33668525.0	ACTL10	Actin-like protein 10			
7	20	38748442.0	38772520.0	ACTR5	Actin-related protein 5 (hARP5) (Sarcoma antigen NY-SAR-16)	GO:0005654	GO:0003674	GO:0006259
8	20	44619522.0	44652233.0	ADA	Adenosine deaminase (EC 3.5.4.4) (Adenosine aminohydrolase)	GO:0005764	GO:0016810	GO:0007568
9	20	3667965.0	3682246.0	ADAM33	Disintegrin and metalloproteinase domain-containing protein 33 (ADAM 33) (EC 3.4.24.-)	GO:0005575	GO:0008233	GO:0008150
10	20	38581195.0	38588463.0	ADIG	Adipogenin	GO:0005811		GO:0030154
11	20	50888919.0	50931240.0	ADNP	Activity-dependent neuroprotector homeobox protein (Activity-dependent neuroprotective protein)	GO:0005615	GO:0008092	GO:0050877
12	20	4220631.0	4249074.0	ADRA1D	Alpha-1D adrenergic receptor (Alpha-1A adrenergic receptor) (Alpha-1D adrenoreceptor) (Alpha-1D adrenoceptor) (Alpha-adrenergic receptor 1a)	GO:0005622	GO:0004871	GO:0003013
13	20	62302093.0	62308862.0	ADRM1	Proteasomal ubiquitin receptor ADRM1 (110 kDa cell membrane glycoprotein) (Gp110) (Adhesion-regulating molecule 1) (ARM-1) (Proteasome regulatory particle non-ATPase 13) (hRpn13) (Rpn13 homolog)	GO:0005654	GO:0032182	GO:0065003
14	20	34280268.0	34311802.0	AHCY	Adenosylhomocysteinase (AdoHcyase) (EC 3.3.1.1) (S-adenosyl-L-homocysteine hydrolase)	GO:0031410	GO:0003674	GO:0006520
15	20	869899.0	916317.0	ANGPT4	Angiopoietin-4 (ANG-4) (Angiopoietin-3) (ANG-3)	GO:0005615	GO:0030234	GO:0008283
16	20	9986126.0	10058303.0	ANKEF1	Ankyrin repeat and EF-hand domain-containing protein 1 (Ankyrin repeat domain-containing protein 5)		GO:0043167	
17	20	58218495.0	58228653.0	ANKRD60	Ankyrin repeat domain-containing protein 60			
18	20	3820524.0	3828837.0	AP5S1	AP-5 complex subunit sigma-1 (Adaptor-related protein complex 5 sigma subunit) (Sigma5)	GO:0005764	GO:0003674	GO:0006259
19	20	58459101.0	58515131.0	APCDD1L	Protein APCDD1-like (Adenomatosis polyposis coli down-regulated 1 protein-like)	GO:0005575		
20	20	24962925.0	24992979.0	APMAP	Adipocyte plasma membrane-associated protein (Protein BSCv)	GO:0005783	GO:0016829	GO:0009058
21	20	63272785.0	63289793.0	ARFGAP1	ADP-ribosylation factor GTPase-activating protein 1 (ARF GAP 1) (ADP-ribosylation factor 1 GTPase-activating protein) (ARF1 GAP) (ARF1-directed GTPase-activating protein)	GO:0005794	GO:0030234	GO:0016192
22	20	48921890.0	49036693.0	ARFGEF2	Brefeldin A-inhibited guanine nucleotide-exchange protein 2 (Brefeldin A-inhibited GEP 2) (ADP-ribosylation factor guanine nucleotide-exchange factor 2)	GO:0005768	GO:0008092	GO:0016192
23	20	63698642.0	63708025.0	ARFRP1	ADP-ribosylation factor-related protein 1 (ARF-related protein 1) (ARP)	GO:0005794	GO:0003924	GO:0016192
24	20	38601934.0	38651035.0	ARHGAP40	Rho GTPase-activating protein 40 (Rho-type GTPase-activating protein 40)	GO:0005829	GO:0030234	GO:0007165
25	20	34194569.0	34269344.0	ASIP	Agouti-signaling protein (ASP) (Agouti switch protein)	GO:0005622	GO:0003674	GO:0019748
26	20	32358344.0	32439319.0	ASXL1	Putative Polycomb group protein ASXL1 (Additional sex combs-like protein 1)	GO:0005654	GO:0008134	GO:0000902
27	20	59025467.0	59032382.0	ATP5F1E	ATP synthase subunit epsilon, mitochondrial (ATPase subunit epsilon)			
28	20	51596514.0	51768634.0	ATP9A	Probable phospholipid-transporting ATPase IIA (EC 3.6.3.1) (ATPase class II type 9A)	GO:0005768	GO:0016887	GO:0061024
29	20	3471040.0	3651122.0	ATRN	Attractin (DPPT-L) (Mahogany homolog)	GO:0005615	GO:0003674	GO:0043473
30	20	56369389.0	56392337.0	AURKA	Aurora kinase A (EC 2.7.11.1) (Aurora 2) (Aurora/IPL1-related kinase 1) (ARK-1) (Aurora-related kinase 1) (hARK1) (Breast tumor-amplified kinase) (Serine/threonine-protein kinase 15) (Serine/threonine-protein kinase 6) (Serine/threonine-protein kinase aurora-A)	GO:0005929	GO:0016301	GO:0000278
31	20	3082556.0	3084724.0	AVP	Vasopressin-neurophysin 2-copeptin (AVP-NPII) [Cleaved into: Arg-vasopressin (Arginine-vasopressin); Neurophysin 2 (Neurophysin-II); Copeptin]	GO:0005576	GO:0016301	GO:0003013
32	20	49632945.0	49713878.0	B4GALT5	Beta-1,4-galactosyltransferase 5 (Beta-1,4-GalTase 5) (Beta4Gal-T5) (b4Gal-T5) (EC 2.4.1.-) (Beta-1,4-GalT II) (UDP-Gal:beta-GlcNAc beta-1,4-galactosyltransferase 5) (UDP-galactose:beta-N-acetylglucosamine beta-1,4-galactosyltransferase 5)	GO:0043226	GO:0016757	GO:0006790
33	20	17693672.0	17735871.0	BANF2	Barrier-to-autointegration factor-like protein (BAF-L) (Barrier-to-autointegration factor 2)	GO:0005737	GO:0003677	
34	20	53936777.0	54070594.0	BCAS1	Breast carcinoma-amplified sequence 1 (Amplified and overexpressed in breast cancer) (Novel amplified in breast cancer 1)	GO:0005737		
35	20	50794894.0	50882676.0	BCAS4	Breast carcinoma-amplified sequence 4	GO:0032991		GO:0006810
36	20	31664452.0	31723989.0	BCL2L1	Bcl-2-like protein 1 (Bcl2-L-1) (Apoptosis regulator Bcl-X)	GO:0005815	GO:0019899	GO:0009790
37	20	17493905.0	17569220.0	BFSP1	Filensin (Beaded filament structural protein 1) (Lens fiber cell beaded-filament structural protein CP 115) (CP115) (Lens intermediate filament-like heavy) (LIFL-H)	GO:0005737	GO:0005198	GO:0021700
38	20	63005927.0	63007035.0	BHLHE23	Class E basic helix-loop-helix protein 23 (bHLHe23) (Class B basic helix-loop-helix protein 4) (bHLHb4)	GO:0005634	GO:0003677	GO:0048856
39	20	63235883.0	63240507.0	BIRC7	Baculoviral IAP repeat-containing protein 7 (EC 2.3.2.27) (Kidney inhibitor of apoptosis protein) (KIAP) (Livin) (Melanoma inhibitor of apoptosis protein) (ML-IAP) (RING finger protein 50) (RING-type E3 ubiquitin transferase BIRC7) [Cleaved into: Baculoviral IAP repeat-containing protein 7 30kDa subunit (Truncated livin) (p30-Livin) (tLivin)]	GO:0005815	GO:0030234	GO:0007010
40	20	37492472.0	37527931.0	BLCAP	Bladder cancer-associated protein (Bladder cancer 10 kDa protein) (Bc10)	GO:0005575	GO:0003674	GO:0007049
41	20	6767664.0	6780280.0	BMP2	Bone morphogenetic protein 2 (BMP-2) (Bone morphogenetic protein 2A) (BMP-2A)	GO:0005615	GO:0016491	GO:0009790
42	20	57168748.0	57266629.0	BMP7	Bone morphogenetic protein 7 (BMP-7) (Osteogenic protein 1) (OP-1) (Eptotermin alfa)	GO:0005615	GO:0043167	GO:0008283
43	20	38260149.0	38337505.0	BPI	Bactericidal permeability-increasing protein (BPI) (CAP 57)	GO:0005576	GO:0008289	GO:0016192
44	20	33235995.0	33243311.0	BPIFA1	BPI fold-containing family A member 1 (Lung-specific protein X) (Nasopharyngeal carcinoma-related protein) (Palate lung and nasal epithelium clone protein) (Secretory protein in upper respiratory tracts) (Short PLUNC1) (SPLUNC1) (Tracheal epithelium-enriched protein) (Von Ebner protein Hl)	GO:0005615	GO:0008289	GO:0042592
45	20	33161768.0	33181412.0	BPIFA2	BPI fold-containing family A member 2 (Parotid secretory protein) (PSP) (Short palate, lung and nasal epithelium carcinoma-associated protein 2)	GO:0005576	GO:0008289	GO:0002376
46	20	33217310.0	33227758.0	BPIFA3	BPI fold-containing family A member 3 (Short palate, lung and nasal epithelium carcinoma-associated protein 3)	GO:0005576	GO:0008289	
47	20	33273480.0	33309878.0	BPIFB1	BPI fold-containing family B member 1 (Long palate, lung and nasal epithelium carcinoma-associated protein 1) (von Ebner minor salivary gland protein) (VEMSGP)	GO:0005576	GO:0008289	GO:0002376
48	20	33007600.0	33023709.0	BPIFB2	BPI fold-containing family B member 2 (Bactericidal/permeability-increasing protein-like 1) (BPI-like 1) (Long palate, lung and nasal epithelium carcinoma-associated protein 2) (RYSR)	GO:0005576	GO:0008289	GO:0002376
49	20	33055424.0	33073628.0	BPIFB3	BPI fold-containing family B member 3 (Ligand-binding protein RYA3) (Long palate, lung and nasal epithelium carcinoma-associated protein 3)	GO:0005576	GO:0008289	GO:0002376
50	20	33079644.0	33111751.0	BPIFB4	BPI fold-containing family B member 4 (Ligand-binding protein RY2G5) (Long palate, lung and nasal epithelium carcinoma-associated protein 4)	GO:0005576	GO:0008289	
51	20	33031648.0	33044047.0	BPIFB6	BPI fold-containing family B member 6 (Bactericidal/permeability-increasing protein-like 3)	GO:0005576	GO:0008289	
52	20	11890723.0	11926609.0	BTBD3	BTB/POZ domain-containing protein 3	GO:0032991	GO:0019899	GO:0009056
53	20	3753508.0	3768387.0	C20orf27	UPF0687 protein C20orf27	GO:0005575	GO:0003674	GO:0008150
54	20	58150904.0	58161150.0	C20orf85	Uncharacterized protein C20orf85			
55	20	270863.0	290778.0	C20orf96	Uncharacterized protein C20orf96			
56	20	2814987.0	2815833.0	C20orf141	Uncharacterized protein C20orf141	GO:0005575		
57	20	33662284.0	33665619.0	C20orf144	Uncharacterized protein C20orf144 (Bcl-2-like protein from testis) (Bclt)			
58	20	35523186.0	35529652.0	C20orf173	Uncharacterized protein C20orf173	GO:0005575	GO:0016757	GO:0005975
59	20	3249305.0	3407625.0	C20orf194	Uncharacterized protein C20orf194	GO:0005575	GO:0003674	GO:0008150
60	20	5750393.0	5863912.0	C20orf196	Uncharacterized protein C20orf196			
61	20	1203454.0	1208274.0	C20orf202	Uncharacterized protein C20orf202			
62	20	32631652.0	32673941.0	C20orf203	Uncharacterized protein C20orf203	GO:0005737		
63	20	64034344.0	64039962.0	C20orf204	Putative uncharacterized protein C20orf204 (Putative proline-rich protein 17)			
64	20	62388632.0	62407285.0	CABLES2	CDK5 and ABL1 enzyme substrate 2 (Interactor with CDK3 2) (Ik3-2)			GO:0051301
65	20	56412112.0	56460387.0	CASS4	Cas scaffolding protein family member 4 (HEF-like protein) (HEF1-EFS-p130Cas-like protein) (HEPL)	GO:0005856		GO:0007155
66	20	33490075.0	33650036.0	CBFA2T2	Protein CBFA2T2 (ETO homologous on chromosome 20) (MTG8-like protein) (MTG8-related protein 1) (Myeloid translocation-related protein 1) (p85)	GO:0005634	GO:0000988	GO:0030154
67	20	55997440.0	56005472.0	CBLN4	Cerebellin-4 (Cerebellin-like glycoprotein 1)	GO:0005615		GO:0006810
68	20	32010450.0	32032180.0	CCM2L	Cerebral cavernous malformations 2 protein-like (CCM2-like)	GO:0005575	GO:0003674	GO:0040007
69	20	46118272.0	46129863.0	CD40	Tumor necrosis factor receptor superfamily member 5 (B-cell surface antigen CD40) (Bp50) (CD40L receptor) (CDw40) (CD antigen CD40)	GO:0005737	GO:0004871	GO:0008283
70	20	23079349.0	23086340.0	CD93	Complement component C1q receptor (C1q/MBL/SPA receptor) (C1qR) (C1qR(p)) (C1qRp) (CDw93) (Complement component 1 q subcomponent receptor 1) (Matrix-remodeling-associated protein 4) (CD antigen CD93)	GO:0005886	GO:0043167	GO:0044403
71	20	3786772.0	3806121.0	CDC25B	M-phase inducer phosphatase 2 (EC 3.1.3.48) (Dual specificity phosphatase Cdc25B)	GO:0005815	GO:0016791	GO:0000278
72	20	61252426.0	61940617.0	CDH4	Cadherin-4 (Retinal cadherin) (R-CAD) (R-cadherin)	GO:0005886	GO:0043167	GO:0034330
73	20	46173733.0	46308498.0	CDH22	Cadherin-22 (Pituitary and brain cadherin) (PB-cadherin)	GO:0005886	GO:0043167	GO:0007155
74	20	59958427.0	60034011.0	CDH26	Cadherin-like protein 26 (Cadherin-like protein VR20)	GO:0005886	GO:0043167	GO:0007155
75	20	33358839.0	33401561.0	CDK5RAP1	CDK5 regulatory subunit-associated protein 1 (CDK5 activator-binding protein C42)	GO:0005739	GO:0019899	GO:0006399
76	20	5126786.0	5197887.0	CDS2	Phosphatidate cytidylyltransferase 2 (EC 2.7.7.41) (CDP-DAG synthase 2) (CDP-DG synthase 2) (CDP-diacylglycerol synthase 2) (CDS 2) (CDP-diglyceride pyrophosphorylase 2) (CDP-diglyceride synthase 2) (CTP:phosphatidate cytidylyltransferase 2)	GO:0005575	GO:0016779	GO:0006629
77	20	50190734.0	50192689.0	CEBPB	CCAAT/enhancer-binding protein beta (C/EBP beta) (Liver activator protein) (LAP) (Liver-enriched inhibitory protein) (LIP) (Nuclear factor NF-IL6) (Transcription factor 5) (TCF-5)	GO:0005654	GO:0008134	GO:0008283
78	20	3783851.0	3786690.0	CENPB	Major centromere autoantigen B (Centromere protein B) (CENP-B)	GO:0005694	GO:0003677	
79	20	35455164.0	35519280.0	CEP250	Centrosome-associated protein CEP250 (250 kDa centrosomal protein) (Cep250) (Centrosomal Nek2-associated protein 1) (C-Nap1) (Centrosomal protein 2)	GO:0005929	GO:0019899	GO:0000278
80	20	20052514.0	20360702.0	CFAP61	Cilia- and flagella-associated protein 61	GO:0005929		GO:0008150
81	20	41402101.0	41618494.0	CHD6	Chromodomain-helicase-DNA-binding protein 6 (CHD-6) (EC 3.6.4.12) (ATP-dependent helicase CHD6) (Radiation-induced gene B protein)	GO:0005654	GO:0004386	GO:0044403
82	20	5911430.0	5925361.0	CHGB	Secretogranin-1 (Chromogranin-B) (CgB) (Secretogranin I) (SgI) [Cleaved into: PE-11; GAWK peptide; CCB peptide]	GO:0031410	GO:0003674	GO:0006464
83	20	33811304.0	33854366.0	CHMP4B	Charged multivesicular body protein 4b (Chromatin-modifying protein 4b) (CHMP4b) (SNF7 homolog associated with Alix 1) (SNF7-2) (hSnf7-2) (Vacuolar protein sorting-associated protein 32-2) (Vps32-2) (hVps32-2)	GO:0005635	GO:0003674	GO:0007034
84	20	63343223.0	63378401.0	CHRNA4	Neuronal acetylcholine receptor subunit alpha-4	GO:0005886	GO:0022857	GO:0007267
85	20	35954564.0	36030700.0	CNBD2	Cyclic nucleotide-binding domain-containing protein 2	GO:0005829	GO:0043167	GO:0008150
86	20	62816244.0	62841159.0	COL9A3	Collagen alpha-3(IX) chain	GO:0005578	GO:0005198	GO:0030198
87	20	63293186.0	63334851.0	COL20A1	Collagen alpha-1(XX) chain	GO:0005615		
88	20	32702691.0	32743997.0	COMMD7	COMM domain-containing protein 7	GO:0031410	GO:0008134	GO:0009058
89	20	31637888.0	31645006.0	COX4I2	Cytochrome c oxidase subunit 4 isoform 2, mitochondrial (Cytochrome c oxidase subunit IV isoform 2) (COX IV-2)	GO:0032991	GO:0016491	GO:0006091
90	20	35626031.0	35664956.0	CPNE1	Copine-1 (Chromobindin 17) (Copine I)	GO:0005654	GO:0008134	GO:0040007
91	20	2794069.0	2800637.0	CPXM1	Probable carboxypeptidase X1 (EC 3.4.17.-) (Metallocarboxypeptidase CPX-1)	GO:0005615	GO:0008233	GO:0051604
92	20	6006090.0	6040053.0	CRLS1	Cardiolipin synthase (CMP-forming) (CLS) (EC 2.7.8.41) (Protein GCD10 homolog)	GO:0005739	GO:0016746	GO:0006629
93	20	20034368.0	20056046.0	CRNKL1	Crooked neck-like protein 1 (Crooked neck homolog) (hCrn)	GO:0005654	GO:0003723	GO:0022618
94	20	49046246.0	49096960.0	CSE1L	Exportin-2 (Exp2) (Cellular apoptosis susceptibility protein) (Chromosome segregation 1-like protein) (Importin-alpha re-exporter)	GO:0005635	GO:0019899	GO:0006913
95	20	473591.0	543821.0	CSNK2A1	Casein kinase II subunit alpha (CK II alpha) (EC 2.7.11.1)	GO:0005654	GO:0016301	GO:0006914
96	20	23747553.0	23751268.0	CST1	Cystatin-SN (Cystain-SA-I) (Cystatin-1) (Salivary cystatin-SA-1)	GO:0005615	GO:0030234	GO:0008150
97	20	23823769.0	23826731.0	CST2	Cystatin-SA (Cystatin-2) (Cystatin-S5)	GO:0005615	GO:0030234	GO:0008150
98	20	23626706.0	23638473.0	CST3	Cystatin-C (Cystatin-3) (Gamma-trace) (Neuroendocrine basic polypeptide) (Post-gamma-globulin)	GO:0005764	GO:0030234	GO:0008219
99	20	23685640.0	23689040.0	CST4	Cystatin-S (Cystatin-4) (Cystatin-SA-III) (Salivary acidic protein 1)	GO:0005615	GO:0030234	GO:0042592
100	20	23875935.0	23879750.0	CST5	Cystatin-D (Cystatin-5)	GO:0005615	GO:0030234	GO:0008150
101	20	24949230.0	24959928.0	CST7	Cystatin-F (Cystatin-7) (Cystatin-like metastasis-associated protein) (CMAP) (Leukocystatin)	GO:0005615	GO:0030234	GO:0002376
102	20	23491101.0	23496018.0	CST8	Cystatin-8 (Cystatin-related epididymal spermatogenic protein)	GO:0005615	GO:0030234	GO:0008150
103	20	23602410.0	23605876.0	CST9	Cystatin-9 (Cystatin-like molecule)	GO:0005615	GO:0030234	GO:0002376
104	20	23564732.0	23568749.0	CST9L	Cystatin-9-like (Testatin)	GO:0005615	GO:0030234	GO:0008150
105	20	23450403.0	23452857.0	CST11	Cystatin-11	GO:0005929	GO:0030234	GO:0006950
106	20	56392371.0	56406369.0	CSTF1	Cleavage stimulation factor subunit 1 (CF-1 50 kDa subunit) (Cleavage stimulation factor 50 kDa subunit) (CSTF 50 kDa subunit) (CstF-50)	GO:0005654	GO:0003723	GO:0006397
107	20	23439685.0	23444930.0	CSTL1	Cystatin-like 1 (RCET11)	GO:0005615	GO:0030234	GO:0008150
108	20	57495966.0	57525652.0	CTCFL	Transcriptional repressor CTCFL (Brother of the regulator of imprinted sites) (CCCTC-binding factor) (CTCF paralog) (CTCF-like protein) (Cancer/testis antigen 27) (CT27) (Zinc finger protein CTCF-T)	GO:0005737	GO:0042393	GO:0007049
109	20	37693955.0	37872129.0	CTNNBL1	Beta-catenin-like protein 1 (Nuclear-associated protein) (NAP) (Testis development protein NYD-SP19)	GO:0005654	GO:0019899	GO:0006397
110	20	45890144.0	45898820.0	CTSA	Lysosomal protective protein (EC 3.4.16.5) (Carboxypeptidase C) (Carboxypeptidase L) (Cathepsin A) (Protective protein cathepsin A) (PPCA) (Protective protein for beta-galactosidase) [Cleaved into: Lysosomal protective protein 32 kDa chain; Lysosomal protective protein 20 kDa chain]	GO:0005764	GO:0016798	GO:0006629
111	20	58995185.0	59007247.0	CTSZ	Cathepsin Z (EC 3.4.18.1) (Cathepsin P) (Cathepsin X)	GO:0005764	GO:0008233	GO:0051604
112	20	54153449.0	54173973.0	CYP24A1	1,25-dihydroxyvitamin D(3) 24-hydroxylase, mitochondrial (24-OHase) (Vitamin D(3) 24-hydroxylase) (EC 1.14.15.16) (Cytochrome P450 24A1) (Cytochrome P450-CC24)	GO:0005739	GO:0016491	GO:0006629
113	20	45406057.0	45410610.0	DBNDD2	Dysbindin domain-containing protein 2 (Casein kinase-1 binding protein) (CK1BP) (HSMNP1)	GO:0005575	GO:0003674	GO:0008150
114	20	3190350.0	3204685.0	DDRGK1	DDRGK domain-containing protein 1 (Dashurin) (UFM1-binding and PCI domain-containing protein 1)	GO:0005730	GO:0008134	GO:0006950
115	20	49219295.0	49244077.0	DDX27	Probable ATP-dependent RNA helicase DDX27 (EC 3.6.4.13) (DEAD box protein 27)	GO:0005694	GO:0004386	GO:0034641
116	20	31257664.0	31259632.0	DEFB115	Beta-defensin 115 (Beta-defensin 15) (DEFB-15) (Defensin, beta 115)	GO:0005576		GO:0002376
117	20	31303212.0	31308585.0	DEFB116	Beta-defensin 116 (Beta-defensin 16) (DEFB-16) (Defensin, beta 116)	GO:0005576		GO:0002376
118	20	31368618.0	31373923.0	DEFB118	Beta-defensin 118 (Beta-defensin 18) (DEFB-18) (Defensin, beta 118) (Epididymal secretory protein 13.6) (ESP13.6)	GO:0005576		GO:0007155
119	20	31377164.0	31390603.0	DEFB119	Beta-defensin 119 (Beta-defensin 120) (Beta-defensin 19) (DEFB-19) (Beta-defensin 20) (DEFB-20) (Defensin, beta 119) (Defensin, beta 120) (ESC42-RELA)	GO:0005576		GO:0002376
120	20	31404845.0	31412838.0	DEFB121	Beta-defensin 121 (Beta-defensin 21) (DEFB-21) (Defensin, beta 121)	GO:0005576	GO:0003674	GO:0002376
121	20	31440519.0	31450257.0	DEFB123	Beta-defensin 123 (Beta-defensin 23) (DEFB-23) (Defensin, beta 123)	GO:0005576		GO:0002376
122	20	31465506.0	31476757.0	DEFB124	Beta-defensin 124 (Beta-defensin 24) (DEFB-24) (Defensin, beta 124)	GO:0005576		GO:0002376
123	20	87250.0	97094.0	DEFB125	Beta-defensin 125 (Beta-defensin 25) (DEFB-25) (Defensin, beta 125)	GO:0005576		GO:0002376
124	20	142369.0	145751.0	DEFB126	Beta-defensin 126 (Beta-defensin 26) (DEFB-26) (Defensin, beta 126) (Epididymal secretory protein 13.2) (ESP13.2) (HBD26)	GO:0005576		GO:0002376
125	20	157470.0	159163.0	DEFB127	Beta-defensin 127 (Beta-defensin 27) (DEFB-27) (Defensin, beta 127)	GO:0005576	GO:0003674	GO:0002376
126	20	187853.0	189681.0	DEFB128	Beta-defensin 128 (Beta-defensin 28) (DEFB-28) (Defensin, beta 128)	GO:0005576		GO:0002376
127	20	227258.0	229886.0	DEFB129	Beta-defensin 129 (Beta-defensin 29) (DEFB-29) (Defensin, beta 129)	GO:0005576		GO:0002376
128	20	257736.0	261096.0	DEFB132	Beta-defensin 132 (Beta-defensin 32) (BD-32) (DEFB-32) (Defensin HEL-75) (Defensin, beta 132)	GO:0005615		GO:0002376
129	20	38962299.0	39039723.0	DHX35	Probable ATP-dependent RNA helicase DHX35 (EC 3.6.4.13) (DEAH box protein 35)	GO:0005737	GO:0004386	GO:0006397
130	20	62877738.0	62937952.0	DIDO1	Death-inducer obliterator 1 (DIO-1) (hDido1) (Death-associated transcription factor 1) (DATF-1)	GO:0005737	GO:0003723	GO:0009058
131	20	36306336.0	36528637.0	DLGAP4	Disks large-associated protein 4 (DAP-4) (PSD-95/SAP90-binding protein 4) (SAP90/PSD-95-associated protein 4) (SAPAP-4)	GO:0005886	GO:0003674	GO:0008150
132	20	63895182.0	63936031.0	DNAJC5	DnaJ homolog subfamily C member 5 (Ceroid-lipofuscinosis neuronal protein 4) (Cysteine string protein) (CSP)	GO:0031410	GO:0003674	GO:0016192
133	20	32762385.0	32809356.0	DNMT3B	DNA (cytosine-5)-methyltransferase 3B (Dnmt3b) (EC 2.1.1.37) (DNA methyltransferase HsaIIIB) (DNA MTase HsaIIIB) (M.HsaIIIB)	GO:0005654	GO:0008168	GO:0006259
134	20	45791937.0	45811427.0	DNTTIP1	Deoxynucleotidyltransferase terminal-interacting protein 1 (Terminal deoxynucleotidyltransferase-interacting factor 1) (TdIF1) (TdT-interacting factor 1)	GO:0005730	GO:0003677	GO:0009058
135	20	54475597.0	54651171.0	DOK5	Docking protein 5 (Downstream of tyrosine kinase 5) (Insulin receptor substrate 6) (IRS-6) (IRS6)	GO:0005829	GO:0004871	GO:0006464
136	20	50934867.0	50958555.0	DPM1	Dolichol-phosphate mannosyltransferase subunit 1 (EC 2.4.1.83) (Dolichol-phosphate mannose synthase subunit 1) (DPM synthase subunit 1) (Dolichyl-phosphate beta-D-mannosyltransferase subunit 1) (Mannose-P-dolichol synthase subunit 1) (MPD synthase subunit 1)	GO:0005783	GO:0016757	GO:0006629
137	20	36751791.0	36773818.0	DSN1	Kinetochore-associated protein DSN1 homolog	GO:0005730	GO:0003674	GO:0007059
138	20	17569863.0	17609919.0	DSTN	Destrin (Actin-depolymerizing factor) (ADF)	GO:0005856	GO:0008092	GO:0008150
139	20	18567453.0	18763917.0	DTD1	D-aminoacyl-tRNA deacylase 1 (DTD) (EC 3.1.1.96) (DNA-unwinding element-binding protein B) (DUE-B) (Gly-tRNA(Ala) deacylase) (EC 3.1.1.-) (Histidyl-tRNA synthase-related)	GO:0005730	GO:0003723	GO:0006399
140	20	31847637.0	31870747.0	DUSP15	Dual specificity protein phosphatase 15 (EC 3.1.3.16) (EC 3.1.3.48) (VH1-related member Y) (Vaccinia virus VH1-related dual-specific protein phosphatase Y)	GO:0005886	GO:0016791	GO:0006464
141	20	34516409.0	34540958.0	DYNLRB1	Dynein light chain roadblock-type 1 (Bithoraxoid-like protein) (BLP) (Dynein light chain 2A, cytoplasmic) (Dynein-associated protein Km23) (Roadblock domain-containing protein 1)	GO:0005929	GO:0003674	GO:0030705
142	20	18383367.0	18467281.0	DZANK1	Double zinc ribbon and ankyrin repeat-containing protein 1		GO:0043167	
143	20	33675683.0	33686404.0	E2F1	Transcription factor E2F1 (E2F-1) (PBR3) (Retinoblastoma-associated protein 1) (RBAP-1) (Retinoblastoma-binding protein 3) (RBBP-3) (pRB-binding protein E2F-1)	GO:0005815	GO:0008134	GO:0007005
144	20	2692878.0	2760108.0	EBF4	Transcription factor COE4 (Early B-cell factor 4) (EBF-4) (Olf-1/EBF-like 4) (O/E-4) (OE-4)	GO:0005634	GO:0003700	GO:0048856
145	20	35115357.0	35147364.0	EDEM2	ER degradation-enhancing alpha-mannosidase-like protein 2	GO:0005783	GO:0016798	GO:0009056
146	20	59300427.0	59325992.0	EDN3	Endothelin-3 (ET-3) (Preproendothelin-3) (PPET3)	GO:0005622	GO:0003674	GO:0003013
147	20	63488013.0	63499315.0	EEF1A2	Elongation factor 1-alpha 2 (EF-1-alpha-2) (Eukaryotic elongation factor 1 A-2) (eEF1A-2) (Statin-S1)	GO:0005737	GO:0008135	GO:0009058
148	20	32858923.0	32961609.0	EFCAB8	EF-hand calcium-binding domain-containing protein 8		GO:0043167	
149	20	34088298.0	34112332.0	EIF2S2	Eukaryotic translation initiation factor 2 subunit 2 (Eukaryotic translation initiation factor 2 subunit beta) (eIF-2-beta)	GO:0005737	GO:0008135	GO:0009790
150	20	35278907.0	35284985.0	EIF6	Eukaryotic translation initiation factor 6 (eIF-6) (B(2)GCN homolog) (B4 integrin interactor) (CAB) (p27(BBP))	GO:0005730	GO:0008135	GO:0022618
151	20	46366049.0	46432985.0	ELMO2	Engulfment and cell motility protein 2 (Protein ced-12 homolog A) (hCed-12A)	GO:0005829	GO:0019899	GO:0007010
152	20	41359966.0	41366827.0	EMILIN3	EMILIN-3 (EMILIN-5) (Elastin microfibril interface-located protein 3) (Elastin microfibril interfacer 3) (Elastin microfibril interface-located protein 5) (Elastin microfibril interfacer 5)	GO:0005578		
153	20	25195693.0	25226729.0	ENTPD6	Ectonucleoside triphosphate diphosphohydrolase 6 (NTPDase 6) (EC 3.6.1.6) (CD39 antigen-like 2)	GO:0005794	GO:0003674	GO:0034655
154	20	36091504.0	36232799.0	EPB41L1	Band 4.1-like protein 1 (Neuronal protein 4.1) (4.1N)	GO:0005856	GO:0005198	GO:0007010
155	20	45540626.0	45547752.0	EPPIN	Eppin (Cancer/testis antigen 71) (CT71) (Epididymal protease inhibitor) (Protease inhibitor WAP7) (Serine protease inhibitor-like with Kunitz and WAP domains 1) (WAP four-disulfide core domain protein 7)	GO:0005615	GO:0030234	GO:0065003
156	20	35542021.0	35557634.0	ERGIC3	Endoplasmic reticulum-Golgi intermediate compartment protein 3 (Serologically defined breast cancer antigen NY-BR-84)	GO:0005794		GO:0016192
157	20	13714322.0	13784886.0	ESF1	ESF1 homolog (ABT1-associated protein)	GO:0005730	GO:0003723	GO:0009058
158	20	46894624.0	47188844.0	EYA2	Eyes absent homolog 2 (EC 3.1.3.48)	GO:0005739	GO:0016791	GO:0007005
159	20	35285731.0	35292401.0	FAM83C	Protein FAM83C		GO:0019899	
160	20	38926312.0	38953106.0	FAM83D	Protein FAM83D (Spindle protein CHICA)	GO:0005737	GO:0008092	GO:0051301
161	20	833715.0	857463.0	FAM110A	Protein FAM110A	GO:0005815	GO:0003674	
162	20	56517187.0	56526142.0	FAM209A	Protein FAM209A	GO:0005634	GO:0003674	GO:0008150
163	20	56533246.0	56536520.0	FAM209B	Protein FAM209B	GO:0005634		
164	20	56358915.0	56368663.0	FAM210B	Protein FAM210B, mitochondrial	GO:0005575		GO:0021700
165	20	59933764.0	59948680.0	FAM217B	Protein FAM217B	GO:0005654		
166	20	3146519.0	3159897.0	FASTKD5	FAST kinase domain-containing protein 5, mitochondrial	GO:0005739	GO:0019843	GO:0006091
167	20	6074845.0	6123544.0	FERMT1	Fermitin family homolog 1 (Kindlerin) (Kindlin syndrome protein) (Kindlin-1) (Unc-112-related protein 1)	GO:0032991		GO:0030198
168	20	44302838.0	44311169.0	FITM2	Fat storage-inducing transmembrane protein 2 (Fat-inducing protein 2)	GO:0005739	GO:0003674	GO:0007010
169	20	1368978.0	1393172.0	FKBP1A	Peptidyl-prolyl cis-trans isomerase FKBP1A (PPIase FKBP1A) (EC 5.2.1.8) (12 kDa FK506-binding protein) (12 kDa FKBP) (FKBP-12) (Calstabin-1) (FK506-binding protein 1A) (FKBP-1A) (Immunophilin FKBP12) (Rotamase)	GO:0005783	GO:0016853	GO:0051604
170	20	14322988.0	14337616.0	FLRT3	Leucine-rich repeat transmembrane protein FLRT3 (Fibronectin-like domain-containing leucine-rich transmembrane protein 3)	GO:0005578	GO:0030674	GO:0040007
171	20	63547891.0	63556708.0	FNDC11	Fibronectin type III domain-containing protein 11	GO:0043226	GO:0003674	
172	20	22581005.0	22585455.0	FOXA2	Hepatocyte nuclear factor 3-beta (HNF-3-beta) (HNF-3B) (Forkhead box protein A2) (Transcription factor 3B) (TCF-3B)	GO:0005654	GO:0008134	GO:0048646
173	20	31844301.0	31845619.0	FOXS1	Forkhead box protein S1 (Forkhead-like 18 protein) (Forkhead-related transcription factor 10) (FREAC-10)	GO:0005634	GO:0003700	GO:0050877
174	20	62463497.0	62475970.0	GATA5	Transcription factor GATA-5 (GATA-binding factor 5)	GO:0005654	GO:0008134	GO:0030154
175	20	56491492.0	56525925.0	GCNT7	Beta-1,3-galactosyl-O-glycosyl-glycoprotein beta-1,6-N-acetylglucosaminyltransferase 7 (EC 2.4.1.-)	GO:0005575	GO:0016757	GO:0006464
176	20	44247099.0	44280917.0	GDAP1L1	Ganglioside-induced differentiation-associated protein 1-like 1 (GDAP1-L1)	GO:0005737	GO:0016765	GO:0006790
177	20	35433347.0	35454746.0	GDF5	Growth/differentiation factor 5 (GDF-5) (Bone morphogenetic protein 14) (BMP-14) (Cartilage-derived morphogenetic protein 1) (CDMP-1) (Lipopolysaccharide-associated protein 4) (LAP-4) (LPS-associated protein 4) (Radotermin)	GO:0005615	GO:0003674	GO:0006913
178	20	35433029.0	35435450.0	GDF5OS	Protein GDF5OS, mitochondrial (Growth/differentiation factor 5 opposite strand transcript protein)	GO:0005739		
179	20	3659292.0	3663399.0	GFRA4	GDNF family receptor alpha-4 (GDNF receptor alpha-4) (GDNFR-alpha-4) (GFR-alpha-4) (Persephin receptor)	GO:0005622	GO:0004871	GO:0006464
180	20	34844720.0	34872860.0	GGT7	Glutathione hydrolase 7 (EC 3.4.19.13) (Gamma-glutamyltransferase 7) (GGT 7) (EC 2.3.2.2) (Gamma-glutamyltransferase-like 3) (Gamma-glutamyltransferase-like 5) (Gamma-glutamyltranspeptidase 7) [Cleaved into: Glutathione hydrolase 7 heavy chain; Glutathione hydrolase 7 light chain]	GO:0005575	GO:0016746	GO:0006790
181	20	23985050.0	23988779.0	GGTLC1	Glutathione hydrolase light chain 1 (Gamma-glutamyltransferase light chain 1) (Gamma-glutamyltransferase-like activity 4) (Gamma-glutamyltransferase-like protein 6)	GO:0005575	GO:0008233	GO:0006790
182	20	37251082.0	37261835.0	GHRH	Somatoliberin (Growth hormone-releasing factor) (GRF) (Growth hormone-releasing hormone) (GHRH) (Somatocrinin) (Somatorelin) (Sermorelin)	GO:0005622	GO:0003674	GO:0007267
183	20	62938119.0	62948475.0	GID8	Glucose-induced degradation protein 8 homolog (Two hybrid-associated protein 1 with RanBPM) (Twa1)	GO:0005654	GO:0003674	
184	20	25407727.0	25452628.0	GINS1	DNA replication complex GINS protein PSF1 (GINS complex subunit 1)	GO:0005654	GO:0004386	GO:0051276
185	20	63587602.0	63627041.0	GMEB2	Glucocorticoid modulatory element-binding protein 2 (GMEB-2) (DNA-binding protein p79PIF) (Parvovirus initiation factor p79) (PIF p79)	GO:0005654	GO:0000988	GO:0009058
186	20	58839718.0	58911192.0	GNAS		GO:0032991	GO:0003924	GO:0040007
187	20	3043622.0	3045747.0	GNRH2	Progonadoliberin-2 (Progonadoliberin II) [Cleaved into: Gonadoliberin-2 (Gonadoliberin II) (Gonadotropin-releasing hormone II) (GnRH II) (Luliberin II) (Luteinizing hormone-releasing hormone II) (LH-RH II); GnRH-associated peptide 2 (GnRH-associated peptide II)]	GO:0005576	GO:0003674	GO:0048856
188	20	5544404.0	5611026.0	GPCPD1	Glycerophosphocholine phosphodiesterase GPCPD1 (EC 3.1.4.2) (Glycerophosphodiester phosphodiesterase 5)	GO:0005829	GO:0003674	GO:0006629
189	20	34928430.0	34955817.0	GSS	Glutathione synthetase (GSH synthetase) (GSH-S) (EC 6.3.2.3) (Glutathione synthase)	GO:0005829	GO:0016874	GO:0007568
190	20	43726164.0	43726998.0	GTSF1L	Gametocyte-specific factor 1-like (Protein FAM112A)		GO:0043167	
191	20	23362182.0	23373063.0	GZF1	GDNF-inducible zinc finger protein 1 (Zinc finger and BTB domain-containing protein 23) (Zinc finger protein 336)	GO:0005730	GO:0003700	GO:0009058
192	20	7882981.0	7940474.0	HAO1	Hydroxyacid oxidase 1 (HAOX1) (EC 1.1.3.15) (Glycolate oxidase) (GOX)	GO:0005777	GO:0016491	GO:0006629
193	20	32052188.0	32101856.0	HCK	Tyrosine-protein kinase HCK (EC 2.7.10.2) (Hematopoietic cell kinase) (Hemopoietic cell kinase) (p59-HCK/p60-HCK) (p59Hck) (p61Hck)	GO:0005764	GO:0016301	GO:0044403
194	20	63558086.0	63574239.0	HELZ2	Helicase with zinc finger domain 2 (ATP-dependent helicase PRIC285) (Helicase with zinc finger 2, transcriptional coactivator) (PPAR-alpha-interacting complex protein 285) (PPAR-gamma DNA-binding domain-interacting protein 1) (PDIP1) (PPAR-gamma DBD-interacting protein 1) (Peroxisomal proliferator-activated receptor A-interacting complex 285 kDa protein) (EC 3.6.4.-)	GO:0005654	GO:0004386	GO:0009058
195	20	31514428.0	31577923.0	HM13	Minor histocompatibility antigen H13 (EC 3.4.23.-) (Intramembrane protease 1) (IMP-1) (IMPAS-1) (hIMP1) (Presenilin-like protein 3) (Signal peptide peptidase)	GO:0005783	GO:0008233	GO:0065003
196	20	44355700.0	44434596.0	HNF4A	Hepatocyte nuclear factor 4-alpha (HNF-4-alpha) (Nuclear receptor subfamily 2 group A member 1) (Transcription factor 14) (TCF-14) (Transcription factor HNF-4)	GO:0005654	GO:0008134	GO:0006520
197	20	62214970.0	62220267.0	HRH3	Histamine H3 receptor (H3R) (HH3R) (G-protein coupled receptor 97)	GO:0005886	GO:0004871	GO:0050877
198	20	3732667.0	3753111.0	HSPA12B	Heat shock 70 kDa protein 12B		GO:0043167	
199	20	31605283.0	31606515.0	ID1	DNA-binding protein inhibitor ID-1 (Class B basic helix-loop-helix protein 24) (bHLHb24) (Inhibitor of DNA binding 1) (Inhibitor of differentiation 1)	GO:0005815	GO:0008134	GO:0000902
200	20	2658395.0	2664219.0	IDH3B	Isocitrate dehydrogenase [NAD] subunit beta, mitochondrial (Isocitric dehydrogenase subunit beta) (NAD(+)-specific ICDH subunit beta)	GO:0005739	GO:0016491	GO:0006091
201	20	43590931.0	43647296.0	IFT52	Intraflagellar transport protein 52 homolog (Protein NGD5 homolog)	GO:0005929	GO:0003674	GO:0030705
202	20	20368121.0	20370949.0	INSM1	Insulinoma-associated protein 1 (Zinc finger protein IA-1)	GO:0005654	GO:0003700	GO:0007049
203	20	13221771.0	13300651.0	ISM1	Isthmin-1	GO:0005576		
204	20	34363235.0	34511393.0	ITCH	E3 ubiquitin-protein ligase Itchy homolog (Itch) (EC 2.3.2.26) (Atrophin-1-interacting protein 4) (AIP4) (HECT-type E3 ubiquitin transferase Itchy homolog) (NFE2-associated polypeptide 1) (NAPP1)	GO:0005768	GO:0016874	GO:0008219
205	20	3208868.0	3223870.0	ITPA	Inosine triphosphate pyrophosphatase (ITPase) (Inosine triphosphatase) (EC 3.6.1.9) (Non-canonical purine NTP pyrophosphatase) (Non-standard purine NTP pyrophosphatase) (Nucleoside-triphosphate diphosphatase) (Nucleoside-triphosphate pyrophosphatase) (NTPase) (Putative oncogene protein hlc14-06-p)	GO:0005737	GO:0043167	GO:0034655
206	20	10637684.0	10674107.0	JAG1	Protein jagged-1 (Jagged1) (hJ1) (CD antigen CD339)	GO:0005576	GO:0008289	GO:0048646
207	20	44111695.0	44187578.0	JPH2	Junctophilin-2 (JP-2) (Junctophilin type 2)	GO:0005886	GO:0008289	GO:0055085
208	20	18138118.0	18188387.0	KAT14	Cysteine-rich protein 2-binding protein (CSRP2-binding protein) (ADA2A-containing complex subunit 2) (ATAC2) (CRP2-binding partner) (CRP2BP) (Lysine acetyltransferase 14)	GO:0005737	GO:0016746	GO:0006464
209	20	49293394.0	49484297.0	KCNB1	Potassium voltage-gated channel subfamily B member 1 (Delayed rectifier potassium channel 1) (DRK1) (h-DRK1) (Voltage-gated potassium channel subunit Kv2.1)	GO:0005886	GO:0022857	GO:0055085
210	20	51003656.0	51023129.0	KCNG1	Potassium voltage-gated channel subfamily G member 1 (Voltage-gated potassium channel subunit Kv6.1) (kH2)	GO:0005886	GO:0022857	GO:0055085
211	20	44745780.0	44752313.0	KCNK15	Potassium channel subfamily K member 15 (Acid-sensitive potassium channel protein TASK-5) (TWIK-related acid-sensitive K(+) channel 5) (Two pore potassium channel KT3.3) (Two pore K(+) channel KT3.3)	GO:0005886	GO:0022857	GO:0055085
212	20	63400210.0	63472677.0	KCNQ2	Potassium voltage-gated channel subfamily KQT member 2 (KQT-like 2) (Neuroblastoma-specific potassium channel subunit alpha KvLQT2) (Voltage-gated potassium channel subunit Kv7.2)	GO:0005886	GO:0008092	GO:0007267
213	20	45092310.0	45101112.0	KCNS1	Potassium voltage-gated channel subfamily S member 1 (Delayed-rectifier K(+) channel alpha subunit 1) (Voltage-gated potassium channel subunit Kv9.1)	GO:0005886	GO:0022857	GO:0055085
214	20	38210488.0	38260772.0	KIAA1755	Uncharacterized protein KIAA1755			
215	20	32277664.0	32335011.0	KIF3B	Kinesin-like protein KIF3B (HH0048) (Microtubule plus end-directed kinesin motor 3B) [Cleaved into: Kinesin-like protein KIF3B, N-terminally processed]	GO:0005929	GO:0016887	GO:0030705
216	20	16272104.0	16573434.0	KIF16B	Kinesin-like protein KIF16B (Sorting nexin-23)	GO:0005768	GO:0016887	GO:0048646
217	20	21125983.0	21246622.0	KIZ	Centrosomal protein kizuna (Polo-like kinase 1 substrate 1)	GO:0005815	GO:0019899	GO:0007010
218	20	43507680.0	43550950.0	L3MBTL1	Lethal(3)malignant brain tumor-like protein 1 (H-l(3)mbt) (H-l(3)mbt protein) (L(3)mbt-like) (L(3)mbt protein homolog) (L3MBTL1)	GO:0005694	GO:0042393	GO:0048856
219	20	62307955.0	62367312.0	LAMA5	Laminin subunit alpha-5 (Laminin-10 subunit alpha) (Laminin-11 subunit alpha) (Laminin-15 subunit alpha)	GO:0005615	GO:0003674	GO:0000902
220	20	9514358.0	9530524.0	LAMP5	Lysosome-associated membrane glycoprotein 5 (Brain and dendritic cell-associated LAMP) (Brain-associated LAMP-like protein) (BAD-LAMP) (Lysosome-associated membrane protein 5) (LAMP-5)	GO:0005886		
221	20	38346356.0	38377023.0	LBP	Lipopolysaccharide-binding protein (LBP)	GO:0005615	GO:0008289	GO:0048870
222	20	63736283.0	63739103.0	LIME1	Lck-interacting transmembrane adapter 1 (Lck-interacting membrane protein) (Lck-interacting molecule)	GO:0005615		GO:0002376
223	20	64083380.0	64084359.0	LKAAEAR1	Protein LKAAEAR1 (LKAAEAR motif-containing protein 1)			
224	20	41340920.0	41360582.0	LPIN3	Phosphatidate phosphatase LPIN3 (EC 3.1.3.4) (Lipin-3) (Lipin-3-like)	GO:0005634	GO:0016791	GO:0006629
225	20	6040778.0	6054049.0	LRRN4	Leucine-rich repeat neuronal protein 4 (Neuronal leucine-rich repeat protein 4) (NLRR-4)	GO:0043226		GO:0050877
226	20	62122461.0	62135378.0	LSM14B	Protein LSM14 homolog B (Protein FAM61B) (RNA-associated protein 55B) (hRAP55B)	GO:0032991	GO:0003723	GO:0048856
227	20	3162617.0	3173592.0	LZTS3	Leucine zipper putative tumor suppressor 3 (ProSAP-interacting protein 1) (ProSAPiP1)	GO:0005856		GO:0008150
228	20	13995369.0	16053197.0	MACROD2	O-acetyl-ADP-ribose deacetylase MACROD2 (EC 3.2.2.-) (EC 3.5.1.-) (MACRO domain-containing protein 2) ([Protein ADP-ribosylglutamate] hydrolase)	GO:0005815	GO:0016798	GO:0044281
229	20	40685848.0	40689240.0	MAFB	Transcription factor MafB (Maf-B) (V-maf musculoaponeurotic fibrosarcoma oncogene homolog B)	GO:0032991	GO:0008134	GO:0048646
230	20	37289638.0	37317260.0	MANBAL	Protein MANBAL	GO:0005575	GO:0003674	
231	20	34546854.0	34560345.0	MAP1LC3A	Microtubule-associated proteins 1A/1B light chain 3A (Autophagy-related protein LC3 A) (Autophagy-related ubiquitin-like modifier LC3 A) (MAP1 light chain 3-like protein 1) (MAP1A/MAP1B light chain 3 A) (MAP1A/MAP1B LC3 A) (Microtubule-associated protein 1 light chain 3 alpha)	GO:0005764	GO:0008289	GO:0006914
232	20	32819893.0	32850405.0	MAPRE1	Microtubule-associated protein RP/EB family member 1 (APC-binding protein EB1) (End-binding protein 1) (EB1)	GO:0005815	GO:0008092	GO:0051301
233	20	45293445.0	45308529.0	MATN4	Matrilin-4	GO:0005576	GO:0043167	GO:0030198
234	20	3846799.0	3876123.0	MAVS	Mitochondrial antiviral-signaling protein (MAVS) (CARD adapter inducing interferon beta) (Cardif) (Interferon beta promoter stimulator protein 1) (IPS-1) (Putative NF-kappa-B-activating protein 031N) (Virus-induced-signaling adapter) (VISA)	GO:0005739	GO:0004871	GO:0044403
235	20	56248732.0	56249815.0	MC3R	Melanocortin receptor 3 (MC3-R)	GO:0005622	GO:0004871	GO:0042592
236	20	5950652.0	5998977.0	MCM8	DNA helicase MCM8 (EC 3.6.4.12) (Minichromosome maintenance 8)	GO:0005654	GO:0004386	GO:0006259
237	20	17968913.0	17991122.0	MGME1	Mitochondrial genome maintenance exonuclease 1 (EC 3.1.-.-)	GO:0005739	GO:0004518	GO:0007005
238	20	10401009.0	10434222.0	MKKS	McKusick-Kaufman/Bardet-Biedl syndromes putative chaperonin (Bardet-Biedl syndrome 6 protein)	GO:0005929	GO:0051082	GO:0003013
239	20	46008908.0	46016561.0	MMP9	Matrix metalloproteinase-9 (MMP-9) (EC 3.4.24.35) (92 kDa gelatinase) (92 kDa type IV collagenase) (Gelatinase B) (GELB) [Cleaved into: 67 kDa matrix metalloproteinase-9; 82 kDa matrix metalloproteinase-9]	GO:0005578	GO:0008233	GO:0030198
240	20	35226654.0	35277000.0	MMP24	Matrix metalloproteinase-24 (MMP-24) (EC 3.4.24.-) (Membrane-type matrix metalloproteinase 5) (MT-MMP 5) (MTMMP5) (Membrane-type-5 matrix metalloproteinase) (MT5-MMP) (MT5MMP) [Cleaved into: Processed matrix metalloproteinase-24]	GO:0005578	GO:0008233	GO:0007155
241	20	35201745.0	35278131.0	MMP24OS				
242	20	50958826.0	50963931.0	MOCS3	Adenylyltransferase and sulfurtransferase MOCS3 (Molybdenum cofactor synthesis protein 3) (Molybdopterin synthase sulfurylase) (MPT synthase sulfurylase) [Includes: Molybdopterin-synthase adenylyltransferase (EC 2.7.7.80) (Adenylyltransferase MOCS3) (Sulfur carrier protein MOCS2A adenylyltransferase); Molybdopterin-synthase sulfurtransferase (EC 2.8.1.11) (Sulfur carrier protein MOCS2A sulfurtransferase) (Sulfurtransferase MOCS3)]	GO:0005829	GO:0016779	GO:0006399
243	20	62796453.0	62801738.0	MRGBP	MRG/MORF4L-binding protein (MRG-binding protein) (Up-regulated in colon cancer 4) (Urcc4)	GO:0005654	GO:0003674	GO:0006464
244	20	37101226.0	37179588.0	MROH8	Protein MROH8 (Maestro heat-like repeat-containing protein family member 8)			
245	20	3045945.0	3048254.0	MRPS26	28S ribosomal protein S26, mitochondrial (MRP-S26) (S26mt) (28S ribosomal protein S13, mitochondrial) (MRP-S13) (S13mt) (Mitochondrial small ribosomal subunit protein mS26)	GO:0005739	GO:0003723	GO:0006950
246	20	62183029.0	62203568.0	MTG2	Mitochondrial ribosome-associated GTPase 2 (GTP-binding protein 5) (Protein obg homolog 1) (ObgH1)	GO:0005840	GO:0003924	GO:0042254
247	20	57358442.0	57359980.0	MTRNR2L3	Humanin-like 3 (HN3) (MT-RNR2-like protein 3)	GO:0005576		
248	20	43667019.0	43716496.0	MYBL2	Myb-related protein B (B-Myb) (Myb-like protein 2)	GO:0005654	GO:0000988	GO:0007010
249	20	34975403.0	35002437.0	MYH7B	Myosin-7B (Antigen MLAA-21) (Myosin cardiac muscle beta chain) (Myosin heavy chain 7B, cardiac muscle beta isoform) (Slow A MYH14)	GO:0032991	GO:0008092	GO:0008150
250	20	36541484.0	36551447.0	MYL9	Myosin regulatory light polypeptide 9 (20 kDa myosin light chain) (LC20) (MLC-2C) (Myosin RLC) (Myosin regulatory light chain 2, smooth muscle isoform) (Myosin regulatory light chain 9) (Myosin regulatory light chain MRLC1)	GO:0032991	GO:0005198	GO:0007155
251	20	31819308.0	31834689.0	MYLK2	Myosin light chain kinase 2, skeletal/cardiac muscle (MLCK2) (EC 2.7.11.18)	GO:0005737	GO:0016301	GO:0007267
252	20	64151791.0	64242253.0	MYT1	Myelin transcription factor 1 (MyT1) (Myelin transcription factor I) (MyTI) (PLPB1) (Proteolipid protein-binding protein)	GO:0005654	GO:0003700	GO:0030154
253	20	20017116.0	20033655.0	NAA20	N-alpha-acetyltransferase 20 (EC 2.3.1.254) (Methionine N-acetyltransferase) (N-acetyltransferase 5) (N-terminal acetyltransferase B complex catalytic subunit NAA20) (N-terminal acetyltransferase B complex catalytic subunit NAT5) (NatB complex subunit NAT5) (NatB catalytic subunit)	GO:0005622	GO:0016746	GO:0051604
254	20	25612935.0	25624175.0	NANP	N-acylneuraminate-9-phosphatase (EC 3.1.3.29) (Haloacid dehalogenase-like hydrolase domain-containing protein 4) (Neu5Ac-9-Pase)	GO:0005829	GO:0016791	GO:0005975
255	20	23374519.0	23421519.0	NAPB	Beta-soluble NSF attachment protein (SNAP-beta) (N-ethylmaleimide-sensitive factor attachment protein beta)	GO:0032991	GO:0003674	GO:0061024
256	20	47501902.0	47656877.0	NCOA3	Nuclear receptor coactivator 3 (NCoA-3) (EC 2.3.1.48) (ACTR) (Amplified in breast cancer 1 protein) (AIB-1) (CBP-interacting protein) (pCIP) (Class E basic helix-loop-helix protein 42) (bHLHe42) (Receptor-associated coactivator 3) (RAC-3) (Steroid receptor coactivator protein 3) (SRC-3) (Thyroid hormone receptor activator molecule 1) (TRAM-1)	GO:0005654	GO:0016746	GO:0006464
257	20	46060985.0	46089952.0	NCOA5	Nuclear receptor coactivator 5 (NCoA-5) (Coactivator independent of AF-2) (CIA)	GO:0005856	GO:0003723	GO:0042592
258	20	34689097.0	34825649.0	NCOA6	Nuclear receptor coactivator 6 (Activating signal cointegrator 2) (ASC-2) (Amplified in breast cancer protein 3) (Cancer-amplified transcriptional coactivator ASC-2) (Nuclear receptor coactivator RAP250) (NRC RAP250) (Nuclear receptor-activating protein, 250 kDa) (Peroxisome proliferator-activated receptor-interacting protein) (PPAR-interacting protein) (PRIP) (Thyroid hormone receptor-binding protein)	GO:0005654	GO:0008134	GO:0006259
259	20	36651766.0	36746078.0	NDRG3	Protein NDRG3 (N-myc downstream-regulated gene 3 protein)	GO:0005737	GO:0003674	GO:0030154
260	20	13784950.0	13821582.0	NDUFAF5	Arginine-hydroxylase NDUFAF5, mitochondrial (EC 1.-.-.-) (NADH dehydrogenase [ubiquinone] 1 alpha subcomplex assembly factor 5) (Putative methyltransferase NDUFAF5) (EC 2.1.1.-)	GO:0005739	GO:0008168	GO:0065003
261	20	33657087.0	33674463.0	NECAB3	N-terminal EF-hand calcium-binding protein 3 (Amyloid-beta A4 protein-binding family A member 2-binding protein) (Nek2-interacting protein 1) (Neuronal calcium-binding protein 3) (X11L-binding protein 51)	GO:0005794	GO:0043167	GO:0006810
262	20	58981208.0	58995133.0	NELFCD	Negative elongation factor C/D (NELF-C/D) (TH1-like protein)	GO:0005654	GO:0003723	GO:0009058
263	20	45888625.0	45891287.0	NEURL2	Neuralized-like protein 2	GO:0005829		GO:0006464
264	20	51386957.0	51562831.0	NFATC2	Nuclear factor of activated T-cells, cytoplasmic 2 (NF-ATc2) (NFATc2) (NFAT pre-existing subunit) (NF-ATp) (T-cell transcription factor NFAT1)	GO:0005654	GO:0008134	GO:0048870
265	20	35668055.0	35699359.0	NFS1	Cysteine desulfurase, mitochondrial (EC 2.8.1.7)	GO:0005739	GO:0043167	GO:0006520
266	20	25452705.0	25585517.0	NINL	Ninein-like protein	GO:0005815	GO:0043167	GO:0008150
267	20	63240784.0	63272694.0	NKAIN4	Sodium/potassium-transporting ATPase subunit beta-1-interacting protein 4 (Na(+)/K(+)-transporting ATPase subunit beta-1-interacting protein 4) (Protein FAM77A)	GO:0005886		GO:0008150
268	20	21511010.0	21514026.0	NKX2-2	Homeobox protein Nkx-2.2 (Homeobox protein NK-2 homolog B)	GO:0005654	GO:0008134	GO:0030154
269	20	21395367.0	21398028.0	NKX2-4	Homeobox protein Nkx-2.4 (Homeobox protein NK-2 homolog D)	GO:0005634	GO:0003677	GO:0048856
270	20	37521215.0	37523693.0	NNAT	Neuronatin	GO:0005737		GO:0051604
271	20	32443059.0	32585074.0	NOL4L	Nucleolar protein 4-like	GO:0005654	GO:0003674	
272	20	2652145.0	2658393.0	NOP56	Nucleolar protein 56 (Nucleolar protein 5A)	GO:0005730	GO:0003723	GO:0034641
273	20	64105820.0	64107171.0	NPBWR2	Neuropeptides B/W receptor type 2 (G-protein coupled receptor 8)	GO:0005886	GO:0004871	GO:0007267
274	20	58689131.0	58719238.0	NPEPL1	Probable aminopeptidase NPEPL1 (EC 3.4.11.-) (Aminopeptidase-like 1)	GO:0005737	GO:0008233	GO:0008150
275	20	346782.0	359660.0	NRSN2	Neurensin-2	GO:0031410	GO:0003674	GO:0008150
276	20	1442162.0	1473842.0	NSFL1C	NSFL1 cofactor p47 (UBX domain-containing protein 2C) (p97 cofactor p47)	GO:0005694	GO:0032182	GO:0061024
277	20	62708837.0	62762771.0	NTSR1	Neurotensin receptor type 1 (NT-R-1) (NTR1) (High-affinity levocabastine-insensitive neurotensin receptor) (NTRH)	GO:0005794	GO:0004871	GO:0007267
278	20	23350736.0	23354777.0	NXT1	NTF2-related export protein 1 (Protein p15)	GO:0005654	GO:0019899	GO:0006913
279	20	46540946.0	46550574.0	OCSTAMP	Osteoclast stimulatory transmembrane protein (OC-STAMP)	GO:0005575		GO:0030154
280	20	62804835.0	62814000.0	OGFR	Opioid growth factor receptor (OGFr) (Protein 7-60) (Zeta-type opioid receptor)	GO:0005737	GO:0004871	GO:0007165
281	20	64080173.0	64100643.0	OPRL1	Nociceptin receptor (Kappa-type 3 opioid receptor) (KOR-3) (Orphanin FQ receptor)	GO:0031410	GO:0004871	GO:0007267
282	20	62231922.0	62296213.0	OSBPL2	Oxysterol-binding protein-related protein 2 (ORP-2) (OSBP-related protein 2)	GO:0005829	GO:0008289	GO:0006629
283	20	44196496.0	44210791.0	OSER1	Oxidative stress-responsive serine-rich protein 1 (Oxidative stress-responsive protein 1) (Peroxide-inducible transcript 1 protein)			
284	20	16748358.0	16770062.0	OTOR	Otoraplin (Fibrocyte-derived protein) (Melanoma inhibitory activity-like protein)	GO:0005576		GO:0050877
285	20	17956979.0	18059188.0	OVOL2	Transcription factor Ovo-like 2 (hOvo2) (Zinc finger protein 339)	GO:0005634	GO:0003700	GO:0048646
286	20	3071620.0	3072517.0	OXT	Oxytocin-neurophysin 1 (OT-NPI) [Cleaved into: Oxytocin (Ocytocin); Neurophysin 1]	GO:0031410	GO:0003674	GO:0050877
287	20	44910062.0	44959035.0	PABPC1L	Polyadenylate-binding protein 1-like	GO:0043226	GO:0003723	GO:0021700
288	20	9537389.0	9839041.0	PAK5	Serine/threonine-protein kinase PAK 5 (EC 2.7.11.1) (p21-activated kinase 5) (PAK-5) (p21-activated kinase 7) (PAK-7)	GO:0005739	GO:0016301	GO:0040007
289	20	3888839.0	3929882.0	PANK2	Pantothenate kinase 2, mitochondrial (hPanK2) (EC 2.7.1.33) (Pantothenic acid kinase 2)	GO:0005739	GO:0016301	GO:0007005
290	20	50731544.0	50756795.0	PARD6B	Partitioning defective 6 homolog beta (PAR-6 beta) (PAR-6B)	GO:0005737	GO:0003674	GO:0034330
291	20	21705659.0	21718486.0	PAX1	Paired box protein Pax-1 (HuP48)	GO:0005634	GO:0003700	GO:0008283
292	20	2835314.0	2841190.0	PCED1A	PC-esterase domain-containing protein 1A (Protein FAM113A) (Sarcoma antigen NY-SAR-23)		GO:0003674	
293	20	45934628.0	45948023.0	PCIF1	Phosphorylated CTD-interacting factor 1	GO:0005856		GO:0008150
294	20	57561080.0	57568112.0	PCK1	Phosphoenolpyruvate carboxykinase, cytosolic [GTP] (PEPCK-C) (EC 4.1.1.32)	GO:0005737	GO:0016829	GO:0007568
295	20	64255695.0	64287821.0	PCMTD2	Protein-L-isoaspartate O-methyltransferase domain-containing protein 2	GO:0005737	GO:0008168	GO:0006464
296	20	5114953.0	5126626.0	PCNA	Proliferating cell nuclear antigen (PCNA) (Cyclin)	GO:0005815	GO:0016798	GO:0051276
297	20	17226107.0	17484578.0	PCSK2	Neuroendocrine convertase 2 (NEC 2) (EC 3.4.21.94) (KEX2-like endoprotease 2) (Prohormone convertase 2) (Proprotein convertase 2) (PC2)	GO:0031410	GO:0008233	GO:0051604
298	20	31944342.0	31952092.0	PDRG1	p53 and DNA damage-regulated protein 1	GO:0005737	GO:0051082	GO:0006457
299	20	1978757.0	1994285.0	PDYN	Proenkephalin-B (Beta-neoendorphin-dynorphin) (Preprodynorphin) [Cleaved into: Alpha-neoendorphin; Beta-neoendorphin; Big dynorphin (Big Dyn); Dynorphin A(1-17) (Dyn-A17) (Dynorphin A); Dynorphin A(1-13); Dynorphin A(1-8); Leu-enkephalin; Rimorphin (Dynorphin B) (Dyn-B) (Dynorphin B(1-13)); Leumorphin (Dynorphin B-29)]	GO:0005576	GO:0003674	GO:0007267
300	20	18137873.0	18143169.0	PET117	Protein PET117 homolog, mitochondrial	GO:0005739		GO:0065003
301	20	54207847.0	54228052.0	PFDN4	Prefoldin subunit 4 (Protein C-1)	GO:0005739	GO:0051082	GO:0006457
302	20	59577509.0	59847711.0	PHACTR3	Phosphatase and actin regulator 3 (Scaffold-associated PP1-inhibiting protein) (Scapinin)	GO:0005654	GO:0008092	GO:0008150
303	20	35771974.0	35950381.0	PHF20	PHD finger protein 20 (Glioma-expressed antigen 2) (Hepatocellular carcinoma-associated antigen 58) (Novel zinc finger protein) (Transcription factor TZP)	GO:0005654	GO:0016746	GO:0006464
304	20	45174876.0	45176544.0	PI3	Elafin (Elastase-specific inhibitor) (ESI) (Peptidase inhibitor 3) (PI-3) (Protease inhibitor WAP3) (Skin-derived antileukoproteinase) (SKALP) (WAP four-disulfide core domain protein 14)	GO:0005578	GO:0005198	GO:0008219
305	20	45416067.0	45456934.0	PIGT	GPI transamidase component PIG-T (Phosphatidylinositol-glycan biosynthesis class T protein)	GO:0031410	GO:0003674	GO:0008219
306	20	34560542.0	34698790.0	PIGU	Phosphatidylinositol glycan anchor biosynthesis class U protein (Cell division cycle protein 91-like 1) (Protein CDC91-like 1) (GPI transamidase component PIG-U)	GO:0005886	GO:0008289	GO:0006629
307	20	44531785.0	44624247.0	PKIG	cAMP-dependent protein kinase inhibitor gamma (PKI-gamma)	GO:0005737	GO:0030234	GO:0007165
308	20	32192503.0	32207791.0	PLAGL2	Zinc finger protein PLAGL2 (Pleiomorphic adenoma-like protein 2)	GO:0005634	GO:0003700	GO:0008219
309	20	8077251.0	8968360.0	PLCB1	1-phosphatidylinositol 4,5-bisphosphate phosphodiesterase beta-1 (EC 3.1.4.11) (PLC-154) (Phosphoinositide phospholipase C-beta-1) (Phospholipase C-I) (PLC-I) (Phospholipase C-beta-1) (PLC-beta-1)	GO:0005737	GO:0008289	GO:0050877
310	20	9068763.0	9481242.0	PLCB4	1-phosphatidylinositol 4,5-bisphosphate phosphodiesterase beta-4 (EC 3.1.4.11) (Phosphoinositide phospholipase C-beta-4) (Phospholipase C-beta-4) (PLC-beta-4)	GO:0005783	GO:0004871	GO:0006629
311	20	41136960.0	41196801.0	PLCG1	1-phosphatidylinositol 4,5-bisphosphate phosphodiesterase gamma-1 (EC 3.1.4.11) (PLC-148) (Phosphoinositide phospholipase C-gamma-1) (Phospholipase C-II) (PLC-II) (Phospholipase C-gamma-1) (PLC-gamma-1)	GO:0005737	GO:0004871	GO:0009790
312	20	45898621.0	45912155.0	PLTP	Phospholipid transfer protein (Lipid transfer protein II)	GO:0005615	GO:0008289	GO:0048870
313	20	57648392.0	57711536.0	PMEPA1	Protein TMEPAI (Prostate transmembrane protein androgen induced 1) (Solid tumor-associated 1 protein) (Transmembrane prostate androgen-induced protein)	GO:0005886	GO:0003674	GO:0007165
314	20	32207880.0	32238667.0	POFUT1	GDP-fucose protein O-fucosyltransferase 1 (EC 2.4.1.221) (Peptide-O-fucosyltransferase 1) (O-FucT-1)	GO:0005783	GO:0016757	GO:0005975
315	20	18467127.0	18484643.0	POLR3F	DNA-directed RNA polymerase III subunit RPC6 (RNA polymerase III subunit C6) (DNA-directed RNA polymerase III subunit F) (RNA polymerase III 39 kDa subunit) (RPC39)	GO:0005654	GO:0016779	GO:0002376
316	20	63520724.0	63522206.0	PPDPF	Pancreatic progenitor cell differentiation and proliferation factor (Exocrine differentiation and proliferation factor)			GO:0048856
317	20	59936668.0	59940297.0	PPP1R3D	Protein phosphatase 1 regulatory subunit 3D (Protein phosphatase 1 regulatory subunit 6) (PP1 subunit R6) (Protein phosphatase 1-binding subunit R6)	GO:0043226	GO:0016791	GO:0006091
318	20	38805705.0	38923024.0	PPP1R16B	Protein phosphatase 1 regulatory inhibitor subunit 16B (Ankyrin repeat domain-containing protein 4) (CAAX box protein TIMAP) (TGF-beta-inhibited membrane-associated protein) (hTIMAP)	GO:0005886	GO:0030234	GO:0048856
319	20	59033145.0	59042909.0	PRELID3B	PRELI domain containing protein 3B (Protein slowmo homolog 2)	GO:0005575	GO:0003674	GO:0006810
320	20	48624252.0	48827883.0	PREX1	Phosphatidylinositol 3,4,5-trisphosphate-dependent Rac exchanger 1 protein (P-Rex1) (PtdIns(3,4,5)-dependent Rac exchanger 1)	GO:0005886	GO:0008289	GO:0048870
321	20	4721910.0	4728460.0	PRND	Prion-like protein doppel (PrPLP) (Prion protein 2)	GO:0005576	GO:0043167	GO:0042592
322	20	4686236.0	4701590.0	PRNP		GO:0005794	GO:0008092	GO:0050877
323	20	35172073.0	35216240.0	PROCR	Endothelial protein C receptor (Activated protein C receptor) (APC receptor) (Endothelial cell protein C receptor) (CD antigen CD201)	GO:0005815	GO:0003674	GO:0048870
324	20	5302040.0	5314369.0	PROKR2	Prokineticin receptor 2 (PK-R2) (G-protein coupled receptor 73-like 1) (G-protein coupled receptor I5E) (GPR73b) (GPRg2)	GO:0005886	GO:0004871	GO:0003013
325	20	63981135.0	64033100.0	PRPF6	Pre-mRNA-processing factor 6 (Androgen receptor N-terminal domain-transactivating protein 1) (ANT-1) (PRP6 homolog) (U5 snRNP-associated 102 kDa protein) (U5-102 kDa protein)	GO:0005654	GO:0008134	GO:0022618
326	20	62136735.0	62143440.0	PSMA7	Proteasome subunit alpha type-7 (EC 3.4.25.1) (Proteasome subunit RC6-1) (Proteasome subunit XAPC7)	GO:0005654	GO:0008233	GO:0044403
327	20	1113263.0	1189415.0	PSMF1	Proteasome inhibitor PI31 subunit (hPI31)	GO:0005783	GO:0030234	GO:0055085
328	20	49503874.0	49568146.0	PTGIS	Prostacyclin synthase (EC 5.3.99.4) (Prostaglandin I2 synthase)	GO:0005783	GO:0016853	GO:0051186
329	20	63528001.0	63537370.0	PTK6	Protein-tyrosine kinase 6 (EC 2.7.10.2) (Breast tumor kinase) (Tyrosine-protein kinase BRK)	GO:0005654	GO:0016301	GO:0048870
330	20	50510321.0	50585241.0	PTPN1	Tyrosine-protein phosphatase non-receptor type 1 (EC 3.1.3.48) (Protein-tyrosine phosphatase 1B) (PTP-1B)	GO:0005768	GO:0016791	GO:0007010
331	20	2864184.0	3039076.0	PTPRA	Receptor-type tyrosine-protein phosphatase alpha (Protein-tyrosine phosphatase alpha) (R-PTP-alpha) (EC 3.1.3.48)	GO:0005622	GO:0016791	GO:0006464
332	20	42072752.0	43189970.0	PTPRT	Receptor-type tyrosine-protein phosphatase T (R-PTP-T) (EC 3.1.3.48) (Receptor-type tyrosine-protein phosphatase rho) (RPTP-rho)	GO:0005886	GO:0016791	GO:0007155
333	20	33702754.0	33720319.0	PXMP4	Peroxisomal membrane protein 4 (24 kDa peroxisomal intrinsic membrane protein)	GO:0005777	GO:0003674	GO:0008150
334	20	25248069.0	25298014.0	PYGB	Glycogen phosphorylase, brain form (EC 2.4.1.1)	GO:0005576	GO:0016757	GO:0006091
335	20	44336986.0	44351235.0	R3HDML	Peptidase inhibitor R3HDML (Cysteine-rich secretory protein R3HDML)	GO:0005576	GO:0030234	GO:0008150
336	20	36605734.0	36612557.0	RAB5IF	Uncharacterized protein C20orf24 (Rab5-interacting protein) (RIP5)			
337	20	58309696.0	58367507.0	RAB22A	Ras-related protein Rab-22A (Rab-22)	GO:0005768	GO:0003924	GO:0016192
338	20	1226056.0	1296421.0	RAD21L1	Double-strand-break repair protein rad21-like protein 1	GO:0005694	GO:0003674	GO:0051276
339	20	57351010.0	57379211.0	RAE1	mRNA export factor (Rae1 protein homolog) (mRNA-associated protein mrnp 41)	GO:0005635	GO:0032182	GO:0006913
340	20	20389552.0	20712488.0	RALGAPA2	Ral GTPase-activating protein subunit alpha-2 (250 kDa substrate of Akt) (AS250) (p220)	GO:0005615	GO:0030234	GO:0008150
341	20	38472816.0	38578861.0	RALGAPB	Ral GTPase-activating protein subunit beta (p170)		GO:0030234	GO:0008150
342	20	33993646.0	34108308.0	RALY	RNA-binding protein Raly (Autoantigen p542) (Heterogeneous nuclear ribonucleoprotein C-like 2) (hnRNP core protein C-like 2) (hnRNP associated with lethal yellow protein homolog)	GO:0032991	GO:0000988	GO:0006397
343	20	4780023.0	4823645.0	RASSF2	Ras association domain-containing protein 2	GO:0005794	GO:0016301	GO:0007049
344	20	62410237.0	62427533.0	RBBP8NL	RBBP8 N-terminal-like protein	GO:0005615		
345	20	18486540.0	18497243.0	RBBP9	Putative hydrolase RBBP9 (EC 3.-.-.-) (B5T-overexpressed gene protein) (Protein BOG) (Retinoblastoma-binding protein 10) (RBBP-10) (Retinoblastoma-binding protein 9) (RBBP-9)	GO:0005654	GO:0003674	GO:0008150
346	20	407498.0	430966.0	RBCK1	RanBP-type and C3HC4-type zinc finger-containing protein 1 (EC 2.3.2.27) (HBV-associated factor 4) (Heme-oxidized IRP2 ubiquitin ligase 1) (HOIL-1) (Hepatitis B virus X-associated protein 4) (RING finger protein 54) (RING-type E3 ubiquitin transferase HOIL-1) (Ubiquitin-conjugating enzyme 7-interacting protein 3)	GO:0032991	GO:0032182	GO:0044403
347	20	36996349.0	37095995.0	RBL1	Retinoblastoma-like protein 1 (107 kDa retinoblastoma-associated protein) (p107) (pRb1)	GO:0005654	GO:0008134	GO:0007049
348	20	35648925.0	35664956.0	RBM12	RNA-binding protein 12 (RNA-binding motif protein 12) (SH3/WW domain anchor protein in the nucleus) (SWAN)	GO:0005654	GO:0003723	
349	20	57391407.0	57409333.0	RBM38	RNA-binding protein 38 (CLL-associated antigen KW-5) (HSRNASEB) (RNA-binding motif protein 38) (RNA-binding region-containing protein 1) (ssDNA-binding protein SEB4)	GO:0005829	GO:0003729	GO:0007049
350	20	35701347.0	35742312.0	RBM39	RNA-binding protein 39 (CAPER alpha) (Hepatocellular carcinoma protein 1) (RNA-binding motif protein 39) (RNA-binding region-containing protein 2) (Splicing factor HCC1)	GO:0005815	GO:0003723	GO:0006397
351	20	45306851.0	45317824.0	RBPJL	Recombining binding protein suppressor of hairless-like protein (Transcription factor RBP-L)	GO:0032991	GO:0003700	GO:0009058
352	20	31475293.0	31484905.0	REM1	GTP-binding protein REM 1 (GTPase-regulating endothelial cell sprouting) (Rad and Gem-like GTP-binding protein 1)	GO:0005575	GO:0003924	GO:0007165
353	20	64073181.0	64079988.0	RGS19	Regulator of G-protein signaling 19 (RGS19) (G-alpha-interacting protein) (GAIP)	GO:0005794	GO:0030234	GO:0006914
354	20	44751808.0	44810338.0	RIMS4	Regulating synaptic membrane exocytosis protein 4 (RIM4 gamma) (Rab3-interacting molecule 4) (RIM 4)	GO:0005575	GO:0003674	GO:0016192
355	20	19886521.0	20002457.0	RIN2	Ras and Rab interactor 2 (Ras association domain family 4) (Ras inhibitor JC265) (Ras interaction/interference protein 2)	GO:0005829	GO:0030234	GO:0016192
356	20	50586108.0	50691528.0	RIPOR3	RIPOR family member 3			
357	20	3927309.0	4015582.0	RNF24	RING finger protein 24	GO:0005794	GO:0043167	GO:0009056
358	20	49936336.0	49953892.0	RNF114	E3 ubiquitin-protein ligase RNF114 (EC 2.3.2.27) (RING finger protein 114) (RING-type E3 ubiquitin transferase RNF114) (Zinc finger protein 228) (Zinc finger protein 313)	GO:0005622	GO:0019899	GO:0030154
359	20	35699272.0	35700984.0	ROMO1	Reactive oxygen species modulator 1 (ROS modulator 1) (Epididymis tissue protein Li 175) (Glyrichin) (Mitochondrial targeting GxxxG motif protein) (MTGM) (Protein MGR2 homolog)	GO:0005739	GO:0003674	GO:0007568
360	20	37178410.0	37241623.0	RPN2	Dolichyl-diphosphooligosaccharide--protein glycosyltransferase subunit 2 (Dolichyl-diphosphooligosaccharide--protein glycosyltransferase 63 kDa subunit) (RIBIIR) (Ribophorin II) (RPN-II) (Ribophorin-2)	GO:0005783	GO:0016757	GO:0007568
361	20	38033546.0	38127780.0	RPRD1B	Regulation of nuclear pre-mRNA domain-containing protein 1B (Cell cycle-related and expression-elevated protein in tumor)	GO:0005815	GO:0019899	GO:0006464
362	20	62387116.0	62388520.0	RPS21	40S ribosomal protein S21 (Small ribosomal subunit protein eS21)	GO:0005840	GO:0003735	GO:0006412
363	20	17613678.0	17682295.0	RRBP1	Ribosome-binding protein 1 (180 kDa ribosome receptor homolog) (RRp) (ES/130-related protein) (Ribosome receptor protein)	GO:0005840	GO:0003723	GO:0006412
364	20	958452.0	1002264.0	RSPO4	R-spondin-4 (Roof plate-specific spondin-4) (hRspo4)	GO:0005576	GO:0043167	GO:0048856
365	20	63657810.0	63696253.0	RTEL1	Regulator of telomere elongation helicase 1 (EC 3.6.4.12) (Novel helicase-like)	GO:0005654	GO:0004386	GO:0051276
366	20	56468585.0	56519449.0	RTF2	Protein RTF2 homolog (Replication termination factor 2 domain-containing protein 1)			
367	20	51782331.0	51802520.0	SALL4	Sal-like protein 4 (Zinc finger protein 797) (Zinc finger protein SALL4)	GO:0005654	GO:0008134	GO:0008283
368	20	63974113.0	63980008.0	SAMD10	Sterile alpha motif domain-containing protein 10 (SAM domain-containing protein 10)			
369	20	36890229.0	36951843.0	SAMHD1	Deoxynucleoside triphosphate triphosphohydrolase SAMHD1 (dNTPase) (EC 3.1.5.-) (Dendritic cell-derived IFNG-induced protein) (DCIP) (Monocyte protein 5) (MOP-5) (SAM domain and HD domain-containing protein 1)	GO:0005622	GO:0004518	GO:0034655
370	20	35953617.0	35959472.0	SCAND1	SCAN domain-containing protein 1	GO:0005634	GO:0000988	GO:0008150
371	20	18813726.0	18814392.0	SCP2D1	SCP2 sterol-binding domain-containing protein 1		GO:0008289	GO:0006629
372	20	661596.0	676179.0	SCRT2	Transcriptional repressor scratch 2 (Scratch homolog 2 zinc finger protein)	GO:0005575	GO:0003700	GO:0009058
373	20	45325288.0	45348424.0	SDC4	Syndecan-4 (SYND4) (Amphiglycan) (Ryudocan core protein)	GO:0005886	GO:0004871	GO:0048646
374	20	1309909.0	1329239.0	SDCBP2	Syntenin-2 (Similar to TACIP18) (SITAC) (Syndecan-binding protein 2)	GO:0005730	GO:0008289	GO:0008283
375	20	18507493.0	18561415.0	SEC23B	Protein transport protein Sec23B (hSec23B) (SEC23-related protein B)	GO:0005783	GO:0043167	GO:0061024
376	20	13849247.0	13996443.0	SEL1L2	Protein sel-1 homolog 2 (Suppressor of lin-12-like protein 2) (Sel-1L2)	GO:0005575		
377	20	45206997.0	45209772.0	SEMG1	Semenogelin-1 (Cancer/testis antigen 103) (Semenogelin I) (SGI) [Cleaved into: Alpha-inhibin-92; Alpha-inhibin-31; Seminal basic protein]	GO:0005615	GO:0043167	GO:0065003
378	20	45221300.0	45224458.0	SEMG2	Semenogelin-2 (Semenogelin II) (SGII)	GO:0005615	GO:0019899	GO:0065003
379	20	44496221.0	44522109.0	SERINC3	Serine incorporator 3 (Tumor differentially expressed protein 1)	GO:0005886	GO:0022857	GO:0006520
380	20	43558968.0	43588237.0	SGK2	Serine/threonine-protein kinase Sgk2 (EC 2.7.11.1) (Serum/glucocorticoid-regulated kinase 2)	GO:0005622	GO:0016301	GO:0055085
381	20	3686970.0	3707128.0	SIGLEC1	Sialoadhesin (Sialic acid-binding Ig-like lectin 1) (Siglec-1) (CD antigen CD169)	GO:0005576	GO:0003674	GO:0007155
382	20	1894167.0	1940592.0	SIRPA	Tyrosine-protein phosphatase non-receptor type substrate 1 (SHP substrate 1) (SHPS-1) (Brain Ig-like molecule with tyrosine-based activation motifs) (Bit) (CD172 antigen-like family member A) (Inhibitory receptor SHPS-1) (Macrophage fusion receptor) (MyD-1 antigen) (Signal-regulatory protein alpha-1) (Sirp-alpha-1) (Signal-regulatory protein alpha-2) (Sirp-alpha-2) (Signal-regulatory protein alpha-3) (Sirp-alpha-3) (p84) (CD antigen CD172a)	GO:0005886	GO:0003674	GO:0007155
383	20	1563521.0	1620061.0	SIRPB1		GO:0005886	GO:0003674	GO:0016192
384	20	1470741.0	1491587.0	SIRPB2	Signal-regulatory protein beta-2 (SIRP-beta-2) (Protein tyrosine phosphatase non-receptor type substrate 1-like 3) (Protein tyrosine phosphatase non-receptor type substrate protein)	GO:0005575		
385	20	1534251.0	1558843.0	SIRPD	Signal-regulatory protein delta (SIRP-delta) (Protein tyrosine phosphatase non-receptor type substrate 1-like 2)	GO:0005576		
386	20	1629152.0	1657779.0	SIRPG	Signal-regulatory protein gamma (SIRP-gamma) (CD172 antigen-like family member B) (Signal-regulatory protein beta-2) (SIRP-b2) (SIRP-beta-2) (CD antigen CD172g)	GO:0005622	GO:0003674	GO:0007267
387	20	36612318.0	36646216.0	SLA2	Src-like-adapter 2 (Modulator of antigen receptor signaling) (MARS) (Src-like adapter protein 2) (SLAP-2)	GO:0005768	GO:0030674	GO:0048870
388	20	63739861.0	63743505.0	SLC2A4RG	SLC2A4 regulator (GLUT4 enhancer factor) (GEF) (Huntington disease gene regulatory region-binding protein 1) (HDBP-1)	GO:0005737	GO:0003700	GO:0009058
389	20	46709487.0	46736347.0	SLC2A10	Solute carrier family 2, facilitated glucose transporter member 10 (Glucose transporter type 10) (GLUT-10)	GO:0005886	GO:0022857	GO:0055085
390	20	3227417.0	3239190.0	SLC4A11	Sodium bicarbonate transporter-like protein 11 (Bicarbonate transporter-related protein 1) (Sodium borate cotransporter 1) (NaBC1) (Solute carrier family 4 member 11)	GO:0005575	GO:0022857	GO:0055085
391	20	49812713.0	49892242.0	SLC9A8	Sodium/hydrogen exchanger 8 (Na(+)/H(+) exchanger 8) (NHE-8) (Solute carrier family 9 member 8)	GO:0005794	GO:0022857	GO:0055085
392	20	46021690.0	46060152.0	SLC12A5	Solute carrier family 12 member 5 (Electroneutral potassium-chloride cotransporter 2) (K-Cl cotransporter 2) (hKCC2) (Neuronal K-Cl cotransporter)	GO:0005886	GO:0022857	GO:0040007
393	20	46557823.0	46684467.0	SLC13A3	Solute carrier family 13 member 3 (Na(+)/dicarboxylate cotransporter 3) (NaDC-3) (hNaDC3) (Sodium-dependent high-affinity dicarboxylate transporter 2)	GO:0005886	GO:0022857	GO:0055085
394	20	62952647.0	62969585.0	SLC17A9	Solute carrier family 17 member 9	GO:0005575	GO:0022857	GO:0055085
395	20	4852356.0	5010293.0	SLC23A2	Solute carrier family 23 member 2 (Na(+)/L-ascorbic acid transporter 2) (Nucleobase transporter-like 1 protein) (Sodium-dependent vitamin C transporter 2) (hSVCT2) (Yolk sac permease-like molecule 2)	GO:0005737	GO:0022857	GO:0005975
396	20	19212646.0	19722937.0	SLC24A3	Sodium/potassium/calcium exchanger 3 (Na(+)/K(+)/Ca(2+)-exchange protein 3) (Solute carrier family 24 member 3)	GO:0005886	GO:0022857	GO:0055085
397	20	38724462.0	38729372.0	SLC32A1	Vesicular inhibitory amino acid transporter (GABA and glycine transporter) (Solute carrier family 32 member 1) (Vesicular GABA transporter) (hVIAAT)	GO:0005886	GO:0022857	GO:0007568
398	20	46345980.0	46364458.0	SLC35C2	Solute carrier family 35 member C2 (Ovarian cancer-overexpressed gene 1 protein)	GO:0005794		GO:0055085
399	20	760080.0	776015.0	SLC52A3	Solute carrier family 52, riboflavin transporter, member 3 (Riboflavin transporter 2) (hRFT2)	GO:0005886	GO:0022857	GO:0050877
400	20	62642445.0	62685785.0	SLCO4A1	Solute carrier organic anion transporter family member 4A1 (OATP4A1) (Colon organic anion transporter) (Organic anion transporter polypeptide-related protein 1) (OATP-RP1) (OATPRP1) (POAT) (Organic anion-transporting polypeptide E) (OATP-E) (Sodium-independent organic anion transporter E) (Solute carrier family 21 member 12)	GO:0005886	GO:0022857	GO:0055085
401	20	45252239.0	45254564.0	SLPI	Antileukoproteinase (ALP) (BLPI) (HUSI-1) (Mucus proteinase inhibitor) (MPI) (Protease inhibitor WAP4) (Secretory leukocyte protease inhibitor) (Seminal proteinase inhibitor) (WAP four-disulfide core domain protein 4)	GO:0005615	GO:0003729	GO:0016192
402	20	10435303.0	10636829.0	SLX4IP	Protein SLX4IP (SLX4-interacting protein)		GO:0003674	
403	20	18567347.0	18569563.0	SMIM26	Small integral membrane protein 26	GO:0005575		
404	20	4120980.0	4187747.0	SMOX	Spermine oxidase (EC 1.5.3.16) (Polyamine oxidase 1) (PAO-1) (PAOh1)	GO:0005654	GO:0016491	GO:0009056
405	20	49982999.0	49988886.0	SNAI1	Zinc finger protein SNAI1 (Protein snail homolog 1) (Protein sna)	GO:0005654	GO:0003700	GO:0048646
406	20	10218830.0	10307418.0	SNAP25	Synaptosomal-associated protein 25 (SNAP-25) (Super protein) (SUP) (Synaptosomal-associated 25 kDa protein)	GO:0005856	GO:0003674	GO:0007267
407	20	1266316.0	1309328.0	SNPH	Syntaphilin	GO:0005737	GO:0003674	GO:0030154
408	20	2461634.0	2470853.0	SNRPB	Small nuclear ribonucleoprotein-associated proteins B and B' (snRNP-B) (Sm protein B/B') (Sm-B/B') (SmB/B')	GO:0005654	GO:0003723	GO:0022618
409	20	16729961.0	16742563.0	SNRPB2	U2 small nuclear ribonucleoprotein B'' (U2 snRNP B'')	GO:0005654	GO:0003723	GO:0006397
410	20	33407955.0	33443892.0	SNTA1	Alpha-1-syntrophin (59 kDa dystrophin-associated protein A1 acidic component 1) (Pro-TGF-alpha cytoplasmic domain-interacting protein 1) (TACIP1) (Syntrophin-1)	GO:0005622	GO:0005198	GO:0008150
411	20	17941597.0	17968980.0	SNX5	Sorting nexin-5	GO:0032991	GO:0008289	GO:0016192
412	20	45833810.0	45843275.0	SNX21	Sorting nexin-21 (Sorting nexin L) (SNX-L)	GO:0005575	GO:0008289	GO:0006810
413	20	36777442.0	36863686.0	SOGA1	Protein SOGA1 (SOGA family member 1) (Suppressor of glucose by autophagy) (Suppressor of glucose, autophagy-associated protein 1) [Cleaved into: N-terminal form; C-terminal 80 kDa form (80-kDa SOGA fragment)]	GO:0005615	GO:0003674	GO:0007165
414	20	325595.0	330224.0	SOX12	Transcription factor SOX-12 (Protein SOX-22)	GO:0005654	GO:0000988	GO:0065003
415	20	64047582.0	64049641.0	SOX18	Transcription factor SOX-18	GO:0032991	GO:0003700	GO:0021700
416	20	35615892.0	35621049.0	SPAG4	Sperm-associated antigen 4 protein (Outer dense fiber-associated protein SPAG4) (SUN domain-containing protein 4)	GO:0005635	GO:0005198	GO:0061024
417	20	49903391.0	49915508.0	SPATA2	Spermatogenesis-associated protein 2 (Spermatogenesis-associated protein PD1)	GO:0005737	GO:0003674	GO:0030154
418	20	45886489.0	45887635.0	SPATA25	Spermatogenesis-associated protein 25 (Testis-specific gene 23 protein)	GO:0005575	GO:0003674	GO:0030154
419	20	3777504.0	3781448.0	SPEF1	Sperm flagellar protein 1	GO:0005929	GO:0008092	GO:0048870
420	20	45512461.0	45515624.0	SPINT3	Kunitz-type protease inhibitor 3 (HKIB9)	GO:0005576	GO:0030234	GO:0008150
421	20	45722351.0	45725830.0	SPINT4	Kunitz-type protease inhibitor 4	GO:0005576	GO:0030234	GO:0008150
422	20	57329759.0	57343994.0	SPO11	Meiotic recombination protein SPO11 (EC 5.99.1.3) (Cancer/testis antigen 35) (CT35)	GO:0000228	GO:0016853	GO:0034655
423	20	13008979.0	13169103.0	SPTLC3	Serine palmitoyltransferase 3 (EC 2.3.1.50) (Long chain base biosynthesis protein 2b) (LCB2b) (Long chain base biosynthesis protein 3) (LCB 3) (Serine-palmitoyl-CoA transferase 3) (SPT 3)	GO:0032991	GO:0016746	GO:0006629
424	20	37344685.0	37406050.0	SRC	Proto-oncogene tyrosine-protein kinase Src (EC 2.7.10.2) (Proto-oncogene c-Src) (pp60c-src) (p60-Src)	GO:0005764	GO:0030674	GO:0000902
425	20	63540810.0	63547504.0	SRMS	Tyrosine-protein kinase Srms (EC 2.7.10.2)	GO:0005737	GO:0016301	GO:0030154
426	20	43457928.0	43464247.0	SRSF6	Serine/arginine-rich splicing factor 6 (Pre-mRNA-splicing factor SRP55) (Splicing factor, arginine/serine-rich 6)	GO:0005654	GO:0003723	GO:0022618
427	20	646615.0	653370.0	SRXN1	Sulfiredoxin-1 (EC 1.8.98.2)	GO:0005829	GO:0016491	GO:0006950
428	20	62143795.0	62182484.0	SS18L1	Calcium-responsive transactivator (SS18-like protein 1) (SYT homolog 1)	GO:0032991	GO:0000988	GO:0048856
429	20	23035386.0	23036812.0	SSTR4	Somatostatin receptor type 4 (SS-4-R) (SS4-R) (SS4R)	GO:0005737	GO:0004871	GO:0007267
430	20	49113339.0	49188367.0	STAU1	Double-stranded RNA-binding protein Staufen homolog 1	GO:0005783	GO:0003723	GO:0042592
431	20	44966474.0	45079959.0	STK4	Serine/threonine-protein kinase 4 (EC 2.7.11.1) (Mammalian STE20-like protein kinase 1) (MST-1) (STE20-like kinase MST1) (Serine/threonine-protein kinase Krs-2) [Cleaved into: Serine/threonine-protein kinase 4 37kDa subunit (MST1/N); Serine/threonine-protein kinase 4 18kDa subunit (MST1/C)]	GO:0005654	GO:0008134	GO:0000902
432	20	2101611.0	2177038.0	STK35	Serine/threonine-protein kinase 35 (EC 2.7.11.1) (CLP-36-interacting kinase 1) (CLIK-1) (PDLIM1-interacting kinase 1) (Serine/threonine-protein kinase 35 L1)	GO:0005730	GO:0016301	GO:0006464
433	20	63639705.0	63657682.0	STMN3	Stathmin-3 (SCG10-like protein)	GO:0005794	GO:0008092	GO:0007010
434	20	58651253.0	58679526.0	STX16	Syntaxin-16 (Syn16)	GO:0005794	GO:0003674	GO:0061024
435	20	47656348.0	47786616.0	SULF2	Extracellular sulfatase Sulf-2 (hSulf-2) (EC 3.1.6.-)	GO:0005783	GO:0043167	GO:0030198
436	20	32983773.0	33004433.0	SUN5	SUN domain-containing protein 5 (Sad1 and UNC84 domain-containing protein 5) (Sperm-associated antigen 4-like protein) (Testis and spermatogenesis-related gene 4 protein)	GO:0005575	GO:0003674	GO:0061024
437	20	59863563.0	59933655.0	SYCP2	Synaptonemal complex protein 2 (SCP-2) (Synaptonemal complex lateral element protein) (hsSCP2)	GO:0005634	GO:0003677	GO:0051301
438	20	24469199.0	24666616.0	SYNDIG1	Synapse differentiation-inducing gene protein 1 (SynDIG1) (Dispanin subfamily C member 2) (DSPC2) (Transmembrane protein 90B)	GO:0043226	GO:0003674	GO:0006810
439	20	45361937.0	45376798.0	SYS1	Protein SYS1 homolog	GO:0005829		GO:0016192
440	20	61953469.0	62065810.0	TAF4	Transcription initiation factor TFIID subunit 4 (RNA polymerase II TBP-associated factor subunit C) (TBP-associated factor 4) (Transcription initiation factor TFIID 130 kDa subunit) (TAF(II)130) (TAFII-130) (TAFII130) (Transcription initiation factor TFIID 135 kDa subunit) (TAF(II)135) (TAFII-135) (TAFII135)	GO:0005654	GO:0008134	GO:0044403
441	20	13389392.0	13638940.0	TASP1	Threonine aspartase 1 (Taspase-1) (EC 3.4.25.-) [Cleaved into: Threonine aspartase subunit alpha; Threonine aspartase subunit beta]		GO:0008233	GO:0008150
442	20	435480.0	462553.0	TBC1D20	TBC1 domain family member 20	GO:0005783	GO:0030234	GO:0000902
443	20	64049836.0	64072347.0	TCEA2	Transcription elongation factor A protein 2 (Testis-specific S-II) (Transcription elongation factor S-II protein 2) (Transcription elongation factor TFIIS.l)	GO:0032991	GO:0003677	GO:0009058
444	20	603797.0	610398.0	TCF15	Transcription factor 15 (TCF-15) (Class A basic helix-loop-helix protein 40) (bHLHa40) (Paraxis) (Protein bHLH-EC2)	GO:0032991	GO:0003700	GO:0048646
445	20	62841115.0	62861763.0	TCFL5	Transcription factor-like 5 protein (Cha transcription factor) (HPV-16 E2-binding protein 1) (E2BP-1)	GO:0005634	GO:0003700	GO:0030154
446	20	56629302.0	56639283.0	TFAP2C	Transcription factor AP-2 gamma (AP2-gamma) (Activating enhancer-binding protein 2 gamma) (Transcription factor ERF-1)	GO:0005739	GO:0003700	GO:0007267
447	20	36573488.0	36593950.0	TGIF2	Homeobox protein TGIF2 (5'-TG-3'-interacting factor 2) (TGF-beta-induced transcription factor 2) (TGFB-induced factor 2)	GO:0005654	GO:0003700	GO:0048856
448	20	38127387.0	38166578.0	TGM2	Protein-glutamine gamma-glutamyltransferase 2 (EC 2.3.2.13) (Tissue transglutaminase) (Transglutaminase C) (TG(C)) (TGC) (TGase C) (Transglutaminase H) (TGase H) (Transglutaminase-2) (TGase-2)	GO:0005783	GO:0016746	GO:0048646
449	20	2296001.0	2341078.0	TGM3	Protein-glutamine gamma-glutamyltransferase E (EC 2.3.2.13) (Transglutaminase E) (TG(E)) (TGE) (TGase E) (Transglutaminase-3) (TGase-3) [Cleaved into: Protein-glutamine gamma-glutamyltransferase E 50 kDa catalytic chain; Protein-glutamine gamma-glutamyltransferase E 27 kDa non-catalytic chain]	GO:0005737	GO:0016746	GO:0065003
450	20	2380908.0	2432753.0	TGM6	Protein-glutamine gamma-glutamyltransferase 6 (EC 2.3.2.13) (Transglutaminase Y) (TGY) (TGase Y) (Transglutaminase-3-like) (TGase-3-like) (Transglutaminase-6) (TG6) (TGase-6)	GO:0005737	GO:0016746	GO:0006464
451	20	23045633.0	23049741.0	THBD	Thrombomodulin (TM) (Fetomodulin) (CD antigen CD141)	GO:0005615	GO:0004871	GO:0048870
452	20	36876121.0	36894235.0	TLDC2	TLD domain-containing protein 2 (TBC/LysM-associated domain-containing protein 2)			
453	20	32109506.0	32167258.0	TM9SF4	Transmembrane 9 superfamily member 4 (Tumor cannibalism associated protein 1)	GO:0005768	GO:0003674	GO:0007155
454	20	2536607.0	2641784.0	TMC2	Transmembrane channel-like protein 2 (Transmembrane cochlear-expressed protein 2)	GO:0005886	GO:0022857	GO:0050877
455	20	1180561.0	1185415.0	TMEM74B	Transmembrane protein 74B	GO:0005575		
456	20	50118254.0	50153734.0	TMEM189	Transmembrane protein 189	GO:0005783	GO:0019899	GO:0006464
457	20	5068232.0	5113103.0	TMEM230	Transmembrane protein 230	GO:0005773		GO:0016192
458	20	2816302.0	2820284.0	TMEM239	Transmembrane protein 239	GO:0005575	GO:0003674	
459	20	7977348.0	8019829.0	TMX4	Thioredoxin-related transmembrane protein 4 (Thioredoxin domain-containing protein 13)	GO:0005783	GO:0016853	GO:0006457
460	20	63696668.0	63698684.0	TNFRSF6B	Tumor necrosis factor receptor superfamily member 6B (Decoy receptor 3) (DcR3) (Decoy receptor for Fas ligand) (M68)	GO:0005615	GO:0004871	GO:0002376
461	20	45823214.0	45833745.0	TNNC2	Troponin C, skeletal muscle	GO:0032991	GO:0008092	GO:0008150
462	20	44942130.0	44960486.0	TOMM34	Mitochondrial import receptor subunit TOM34 (hTom34) (Translocase of outer membrane 34 kDa subunit)	GO:0005654	GO:0003674	GO:0006605
463	20	41028818.0	41124487.0	TOP1	DNA topoisomerase 1 (EC 5.99.1.2) (DNA topoisomerase I)	GO:0000228	GO:0016853	GO:0007059
464	20	43914864.0	44069616.0	TOX2	TOX high mobility group box family member 2 (Granulosa cell HMG box protein 1) (GCX-1)	GO:0005654	GO:0003700	GO:0009058
465	20	34704290.0	34713439.0	TP53INP2	Tumor protein p53-inducible nuclear protein 2 (Diabetes and obesity-regulated gene) (p53-inducible protein U) (PIG-U)	GO:0005773	GO:0032182	GO:0042592
466	20	46684365.0	46689779.0	TP53RK	TP53-regulating kinase (EC 2.7.11.1) (Atypical serine/threonine protein kinase TP53RK) (EKC/KEOPS complex subunit TP53RK) (EC 3.6.-.-) (Nori-2) (p53-related protein kinase)	GO:0005654	GO:0016301	GO:0006399
467	20	45372563.0	45407889.0	TP53TG5	TP53-target gene 5 protein (TP53-inducible gene 5 protein)	GO:0005737	GO:0003674	GO:0007165
468	20	63865228.0	63891545.0	TPD52L2	Tumor protein D54 (hD54) (Tumor protein D52-like 2)		GO:0003723	
469	20	31739271.0	31801805.0	TPX2	Targeting protein for Xklp2 (Differentially expressed in cancerous and non-cancerous lung cells 2) (DIL-2) (Hepatocellular carcinoma-associated antigen 519) (Hepatocellular carcinoma-associated antigen 90) (Protein fls353) (Restricted expression proliferation-associated protein 100) (p100)	GO:0005815	GO:0019899	GO:0000278
470	20	362835.0	397559.0	TRIB3	Tribbles homolog 3 (TRB-3) (Neuronal cell death-inducible putative kinase) (SINK) (p65-interacting inhibitor of NF-kappa-B)	GO:0005886	GO:0000988	GO:0006950
471	20	5937235.0	5950558.0	TRMT6	tRNA (adenine(58)-N(1))-methyltransferase non-catalytic subunit TRM6 (mRNA methyladenosine-N(1)-methyltransferase non-catalytic subunit TRM6) (tRNA(m1A58)-methyltransferase subunit TRM6) (tRNA(m1A58)MTase subunit TRM6)	GO:0005654	GO:0003723	GO:0006399
472	20	35002404.0	35092871.0	TRPC4AP	Short transient receptor potential channel 4-associated protein (Trp4-associated protein) (Trpc4-associated protein) (Protein TAP1) (TNF-receptor ubiquitous scaffolding/signaling protein) (Protein TRUSS)	GO:0005886	GO:0022857	GO:0021700
473	20	52972407.0	53495330.0	TSHZ2	Teashirt homolog 2 (Ovarian cancer-related protein 10-2) (OVC10-2) (Zinc finger protein 218)	GO:0005634	GO:0003700	GO:0048856
474	20	37983007.0	38033468.0	TTI1	TELO2-interacting protein 1 homolog (Protein SMG10)	GO:0005737	GO:0003674	GO:0008150
475	20	44475886.0	44494603.0	TTPAL	Alpha-tocopherol transfer protein-like	GO:0005575		
476	20	59019254.0	59026654.0	TUBB1	Tubulin beta-1 chain	GO:0005737	GO:0003924	GO:0007010
477	20	45812576.0	45816957.0	UBE2C	Ubiquitin-conjugating enzyme E2 C (EC 2.3.2.23) ((E3-independent) E2 ubiquitin-conjugating enzyme C) (EC 2.3.2.24) (E2 ubiquitin-conjugating enzyme C) (UbcH10) (Ubiquitin carrier protein C) (Ubiquitin-protein ligase C)	GO:0005654	GO:0019899	GO:0051301
478	20	50081124.0	50115959.0	UBE2V1	Ubiquitin-conjugating enzyme E2 variant 1 (UEV-1) (CROC-1) (TRAF6-regulated IKK activator 1 beta Uev1A)	GO:0005654	GO:0019899	GO:0006259
479	20	3107573.0	3160196.0	UBOX5	RING finger protein 37 (EC 2.3.2.27) (RING-type E3 ubiquitin transferase RNF37) (U-box domain-containing protein 5) (UbcM4-interacting protein 5) (hUIP5) (Ubiquitin-conjugating enzyme 7-interacting protein 5)	GO:0005654	GO:0019899	GO:0006464
480	20	63939829.0	63956415.0	UCKL1	Uridine-cytidine kinase-like 1 (EC 2.7.1.48)	GO:0005829	GO:0016301	GO:0044403
481	20	35302566.0	35412141.0	UQCC1	Ubiquinol-cytochrome-c reductase complex assembly factor 1 (Basic FGF-repressed Zic-binding protein) (bFGF-repressed Zic-binding protein) (bFZb) (Ubiquinol-cytochrome c reductase complex chaperone CBP3 homolog)	GO:0031410	GO:0003674	GO:0065003
482	20	58389122.0	58451101.0	VAPB	Vesicle-associated membrane protein-associated protein B/C (VAMP-B/VAMP-C) (VAMP-associated protein B/C) (VAP-B/VAP-C)	GO:0005794	GO:0008092	GO:0061024
483	20	2840703.0	2866732.0	VPS16	Vacuolar protein sorting-associated protein 16 homolog (hVPS16)	GO:0005764	GO:0008092	GO:0007034
484	20	37903104.0	37945350.0	VSTM2L	V-set and transmembrane domain-containing protein 2-like protein	GO:0005576	GO:0003674	GO:0008150
485	20	25070885.0	25082365.0	VSX1	Visual system homeobox 1 (Homeodomain protein RINX) (Retinal inner nuclear layer homeobox protein) (Transcription factor VSX1)	GO:0005634	GO:0003700	GO:0021700
486	20	45469706.0	45481532.0	WFDC2	WAP four-disulfide core domain protein 2 (Epididymal secretory protein E4) (Major epididymis-specific protein E4) (Putative protease inhibitor WAP5)	GO:0005615	GO:0030234	GO:0008150
487	20	45747944.0	45791932.0	WFDC3	WAP four-disulfide core domain protein 3 (Putative protease inhibitor WAP14)	GO:0005576	GO:0030234	GO:0008150
488	20	45109452.0	45115172.0	WFDC5	WAP four-disulfide core domain protein 5 (Putative protease inhibitor WAP1) (p53-responsive gene 5 protein)	GO:0005576	GO:0030234	GO:0008150
489	20	45534196.0	45539495.0	WFDC6	WAP four-disulfide core domain protein 6 (Putative protease inhibitor WAP6)	GO:0005576	GO:0030234	GO:0008150
490	20	45551153.0	45579326.0	WFDC8	WAP four-disulfide core domain protein 8 (Putative protease inhibitor WAP8)	GO:0005576	GO:0030234	GO:0008150
491	20	45607939.0	45631268.0	WFDC9	Protein WFDC9	GO:0005576	GO:0003674	
492	20	45629526.0	45631196.0	WFDC10A	WAP four-disulfide core domain protein 10A (Putative protease inhibitor WAP10A)	GO:0005576	GO:0030234	GO:0008150
493	20	45684653.0	45705019.0	WFDC10B	Protein WFDC10B	GO:0005576	GO:0030234	GO:0008150
494	20	45648563.0	45670270.0	WFDC11	Protein WFDC11	GO:0005576		
495	20	45123425.0	45124465.0	WFDC12	WAP four-disulfide core domain protein 12 (Putative protease inhibitor WAP12) (Whey acidic protein 2)	GO:0005576	GO:0030234	GO:0006950
496	20	45702016.0	45708817.0	WFDC13	WAP four-disulfide core domain protein 13	GO:0005576	GO:0030234	GO:0008150
497	20	44714844.0	44728509.0	WISP2	WNT1-inducible-signaling pathway protein 2 (WISP-2) (CCN family member 5) (Connective tissue growth factor-like protein) (CTGF-L) (Connective tissue growth factor-related protein 58)	GO:0005578	GO:0043167	GO:0007267
498	20	31968002.0	32003387.0	XKR7	XK-related protein 7	GO:0005575		
499	20	21303304.0	21389827.0	XRN2	5'-3' exoribonuclease 2 (EC 3.1.13.-) (DHM1-like protein) (DHP protein)	GO:0005730	GO:0004518	GO:0034655
500	20	63195429.0	63216234.0	YTHDF1	YTH domain-containing family protein 1 (Dermatomyositis associated with cancer putative autoantigen 1) (DACA-1)	GO:0005737	GO:0003723	GO:0008150
501	20	44885676.0	44908532.0	YWHAB	14-3-3 protein beta/alpha (Protein 1054) (Protein kinase C inhibitor protein 1) (KCIP-1) [Cleaved into: 14-3-3 protein beta/alpha, N-terminally processed]	GO:0031410	GO:0000988	GO:0006605
502	20	57603846.0	57620576.0	ZBP1	Z-DNA-binding protein 1 (Tumor stroma and activated macrophage protein DLM-1)	GO:0005737	GO:0016810	GO:0002376
503	20	63743666.0	63831244.0	ZBTB46	Zinc finger and BTB domain-containing protein 46 (BTB-ZF protein expressed in effector lymphocytes) (BZEL) (BTB/POZ domain-containing protein 4) (Zinc finger protein 340)	GO:0005634	GO:0043167	GO:0009058
504	20	296968.0	300321.0	ZCCHC3	Zinc finger CCHC domain-containing protein 3		GO:0003723	
505	20	52051663.0	52204308.0	ZFP64		GO:0005634	GO:0003677	GO:0009058
506	20	63707465.0	63736142.0	ZGPAT	Zinc finger CCCH-type with G patch domain-containing protein (G patch domain-containing protein 6) (Zinc finger CCCH domain-containing protein 9) (Zinc finger and G patch domain-containing protein)	GO:0005886	GO:0003700	GO:0009058
507	20	41178448.0	41317672.0	ZHX3	Zinc fingers and homeoboxes protein 3 (Triple homeobox protein 1) (Zinc finger and homeodomain protein 3)	GO:0005654	GO:0000988	GO:0030154
508	20	47209214.0	47356889.0	ZMYND8	Protein kinase C-binding protein 1 (Cutaneous T-cell lymphoma-associated antigen se14-3) (CTCL-associated antigen se14-3) (Rack7) (Zinc finger MYND domain-containing protein 8)	GO:0005737	GO:0042393	GO:0006464
509	20	18288283.0	18316996.0	ZNF133	Zinc finger protein 133 (Zinc finger protein 150)	GO:0005634	GO:0003700	GO:0009058
510	20	53567065.0	53609907.0	ZNF217	Zinc finger protein 217	GO:0005739	GO:0003700	GO:0048856
511	20	46499630.0	46513559.0	ZNF334	Zinc finger protein 334	GO:0005634	GO:0003700	GO:0009058
512	20	45948653.0	45972172.0	ZNF335	Zinc finger protein 335 (NRC-interacting factor 1) (NIF-1)	GO:0005654	GO:0003677	GO:0009790
513	20	25674215.0	25696841.0	ZNF337	Zinc finger protein 337	GO:0005634	GO:0003677	GO:0009058
514	20	33731657.0	33792269.0	ZNF341	Zinc finger protein 341	GO:0005634	GO:0003700	GO:0009058
515	20	2481817.0	2524702.0	ZNF343	Zinc finger protein 343	GO:0005634	GO:0003677	GO:0009058
516	20	63956702.0	63969865.0	ZNF512B	Zinc finger protein 512B	GO:0005634	GO:0003677	GO:0009058
517	20	59123381.0	59259113.0	ZNF831	Zinc finger protein 831	GO:0005634	GO:0003700	GO:0048856
518	20	49237946.0	49278426.0	ZNFX1	NFX1-type zinc finger-containing protein 1	GO:0005634	GO:0003700	GO:0008150
519	20	45881227.0	45885266.0	ZSWIM1	Zinc finger SWIM domain-containing protein 1	GO:0005634	GO:0043167	
520	20	45857617.0	45879122.0	ZSWIM3	Zinc finger SWIM domain-containing protein 3		GO:0043167	
